Rk,Player,Age,Tm,GP,GS,W,L,T/O,GA,SA,SV,SV%,GAA,SO,GPS,MIN,QS,QS%,RBS,GA%-,GSAA,G,A,PTS,PIM,szn
1,Sami Aittokallio\aittosa01,20,COL,1,1,0,0,0,2,25,23,0.92,2.43,0,0.2,49,1,1,0,NA,NA,0,0,0,0,12-13
2,Jake Allen\allenja01,22,STL,15,13,9,4,0,33,346,313,0.905,2.46,1,1.8,804,6,0.462,4,108,-2.53,0,0,0,0,12-13
3,Craig Anderson\andercr01,31,OTT,24,24,12,9,2,40,677,637,0.941,1.69,3,6.5,1421,17,0.708,1,67,19.63,0,0,0,0,12-13
4,Richard Bachman\bachmri01,25,DAL,13,8,6,5,0,33,288,255,0.885,3.25,0,0.9,609,4,0.5,3,130,-7.63,0,0,0,0,12-13
5,Niklas Backstrom\backsni01,34,MIN,42,41,24,15,3,98,1072,974,0.909,2.48,2,6.2,2368,18,0.439,8,104,-3.58,0,0,0,2,12-13
6,Jonathan Bernier\bernijo01,24,LAK,14,12,9,3,1,24,306,282,0.922,1.87,1,2.2,768,8,0.667,1,89,2.95,0,1,1,0,12-13
7,Martin Biron\bironma01,35,NYR,6,5,2,2,1,13,156,143,0.917,2.32,0,1,336,2,0.4,1,NA,NA,0,0,0,0,12-13
8,Ben Bishop\bishobe01,26,TOT,22,21,11,9,1,56,701,645,0.92,2.67,2,5,1260,14,0.667,3,91,5.74,0,0,0,2,12-13
8,Ben Bishop\bishobe01,26,OTT,13,12,8,5,0,31,399,368,0.922,2.45,1,3,758,8,0.667,3,88,4.14,0,0,0,0,12-13
8,Ben Bishop\bishobe01,26,TBL,9,9,3,4,1,25,302,277,0.917,2.99,1,2,502,6,0.667,0,94,1.6,0,0,0,2,12-13
9,Sergei Bobrovsky\bobrose01,24,CBJ,38,37,21,11,6,74,1084,1010,0.932,2,4,9.2,2219,26,0.703,4,78,21.48,0,0,0,0,12-13
10,Brian Boucher\bouchbr01,36,PHI,4,1,0,2,0,6,55,49,0.891,2.5,0,0.2,144,0,0,0,NA,NA,0,0,0,0,12-13
11,Martin Brodeur*\brodema01,40,NJD,29,29,13,9,7,65,654,589,0.901,2.22,2,3.1,1757,15,0.517,6,113,-7.4,1,2,3,0,12-13
12,Ilya Bryzgalov\bryzgil01,32,PHI,40,40,19,17,3,107,1066,959,0.9,2.79,1,5,2298,20,0.5,10,114,-13.11,0,3,3,0,12-13
13,Peter Budaj\budajpe01,30,MTL,13,10,8,1,1,25,273,248,0.908,2.28,1,1.6,656,6,0.6,2,104,-0.95,0,0,0,0,12-13
14,Scott Clemmensen\clemmsc01,35,FLA,19,11,3,7,2,53,421,368,0.874,3.67,0,0.7,866,3,0.273,4,143,-15.92,0,0,0,0,12-13
15,Corey Crawford\crawfco01,28,CHI,30,28,19,5,5,57,769,712,0.926,1.94,3,6,1761,19,0.679,1,84,10.73,0,0,0,4,12-13
16,Yann Danis\danisya01,31,EDM,3,0,1,0,0,7,59,52,0.881,3.81,0,0.1,110,0,NA,0,NA,NA,0,0,0,0,12-13
17,Cedrick Desjardins\desjace01,27,TBL,3,2,0,3,0,8,73,65,0.89,3,0,0.3,160,0,0,0,NA,NA,0,0,0,0,12-13
18,Rick DiPietro\dipieri01,31,NYI,3,3,0,3,0,12,83,71,0.855,4.1,0,-0.1,176,0,0,1,NA,NA,0,0,0,0,12-13
19,Devan Dubnyk\dubnyde01,26,EDM,38,37,14,16,6,90,1132,1042,0.92,2.57,2,8.1,2101,20,0.541,5,90,9.7,0,0,0,0,12-13
20,Brian Elliott\elliobr01,27,STL,24,20,14,8,1,49,526,477,0.907,2.28,3,2.9,1292,12,0.6,6,106,-2.67,0,0,0,0,12-13
21,Dan Ellis\ellisda01,32,CAR,19,16,6,8,2,52,555,503,0.906,3.13,1,3,997,8,0.5,4,106,-3.12,0,2,2,0,12-13
22,Ray Emery\emeryra01,30,CHI,21,19,17,1,0,36,460,424,0.922,1.94,3,3.4,1116,12,0.632,1,89,4.52,0,0,0,0,12-13
23,Jhonas Enroth\enrotjh01,24,BUF,12,9,4,4,1,27,332,305,0.919,2.6,1,2.3,623,7,0.778,1,92,2.24,0,0,0,0,12-13
24,Viktor Fasth\fasthvi01,30,ANA,25,23,15,6,2,52,661,609,0.921,2.18,4,4.8,1428,14,0.609,3,89,6.22,0,0,0,0,12-13
25,Marc-Andre Fleury\fleurma01,28,PIT,33,31,23,8,0,74,881,807,0.916,2.39,1,5.9,1858,15,0.484,5,95,3.6,0,2,2,2,12-13
26,Jeff Frazee\frazeje01,25,NJD,1,0,0,0,0,0,3,3,1,0,0,0.1,19,0,NA,0,NA,NA,0,0,0,0,12-13
27,Mathieu Garon\garonma01,35,TBL,18,16,5,9,2,44,427,383,0.897,2.9,0,1.9,910,6,0.375,4,117,-6.39,0,0,0,0,12-13
28,Jean-Sebastien Giguere\gigueje01,35,COL,18,14,5,4,4,43,469,426,0.908,2.84,0,2.7,908,4,0.286,1,104,-1.69,0,0,0,4,12-13
29,Thomas Greiss\greisth01,27,SJS,6,5,1,4,0,13,153,140,0.915,2.53,1,1,308,3,0.6,1,NA,NA,0,0,0,0,12-13
30,Philipp Grubauer\grubaph01,21,WSH,2,1,0,1,0,5,59,54,0.915,3.57,0,0.4,84,0,0,0,NA,NA,0,0,0,0,12-13
31,Jonas Gustavsson\gustajo01,28,DET,7,4,2,2,1,17,140,123,0.879,2.92,0,0.3,349,2,0.5,1,NA,NA,0,1,1,2,12-13
32,Matt Hackett\hackema01,22,MIN,1,1,0,1,0,5,33,28,0.848,5.07,0,0,59,0,0,1,NA,NA,0,0,0,0,12-13
33,Jaroslav Halak\halakja01,27,STL,16,15,6,5,1,29,286,257,0.899,2.14,3,1.3,813,7,0.467,4,115,-3.81,0,1,1,0,12-13
34,Josh Harding\hardijo01,28,MIN,5,3,1,1,0,10,73,63,0.863,3.24,1,0,185,1,0.333,2,NA,NA,0,0,0,0,12-13
35,Johan Hedberg\hedbejo01,39,NJD,19,19,6,10,3,51,435,384,0.883,2.76,1,1.2,1108,9,0.474,6,133,-12.69,0,1,1,4,12-13
36,Jonas Hiller\hillejo01,30,ANA,26,25,15,6,4,59,675,616,0.913,2.36,1,4.2,1498,14,0.56,2,99,0.45,0,1,1,2,12-13
37,Braden Holtby\holtbbr01,23,WSH,36,35,23,12,1,90,1123,1033,0.92,2.58,4,8,2089,20,0.571,5,91,8.91,0,2,2,2,12-13
38,Jimmy Howard\howarja02,28,DET,42,42,21,13,7,87,1129,1042,0.923,2.13,5,8.4,2446,26,0.619,7,87,12.44,0,1,1,0,12-13
39,Carter Hutton\huttoca01,27,CHI,1,1,0,1,0,3,28,25,0.893,3.06,0,0.1,59,0,0,0,NA,NA,0,0,0,0,12-13
40,Leland Irving\irvinle01,24,CGY,6,5,2,1,1,15,128,113,0.883,3.33,0,0.3,270,1,0.2,2,NA,NA,0,1,1,0,12-13
41,Chad Johnson\johnsch02,26,PHX,4,4,2,0,2,5,108,103,0.954,1.22,1,1.2,247,3,0.75,0,NA,NA,0,0,0,0,12-13
42,Nikolai Khabibulin\khabini01,40,EDM,12,11,4,6,1,29,376,347,0.923,2.55,1,2.8,684,6,0.545,1,88,4.12,0,0,0,0,12-13
43,Anton Khudobin\khudoan01,26,BOS,14,14,9,4,1,31,388,357,0.92,2.32,1,2.8,803,8,0.571,3,91,3.17,0,0,0,4,12-13
44,Keith Kinkaid\kinkake01,23,NJD,1,0,0,0,0,1,13,12,0.923,2.33,0,0.1,26,0,NA,0,NA,NA,0,0,0,0,12-13
45,Miikka Kiprusoff\kiprumi01,36,CGY,24,24,8,14,2,77,650,573,0.882,3.44,0,1.6,1344,10,0.417,9,134,-19.75,0,1,1,0,12-13
46,Darcy Kuemper\kuempda01,22,MIN,6,3,1,2,0,10,119,109,0.916,2.08,0,0.8,288,2,0.667,0,NA,NA,0,0,0,0,12-13
47,Jason LaBarbera\labarja01,33,PHX,15,10,4,6,2,32,418,386,0.923,2.64,0,3.1,726,5,0.5,0,87,4.82,0,0,0,0,12-13
48,Robin Lehner\lehnero01,21,OTT,12,12,5,3,4,27,424,397,0.936,2.2,0,3.8,735,10,0.833,0,72,10.34,0,0,0,0,12-13
49,Kari Lehtonen\lehtoka01,29,DAL,36,35,15,14,3,88,1050,962,0.916,2.66,1,7,1986,21,0.6,5,95,4.48,0,2,2,0,12-13
50,Michael Leighton\leighmi01,31,PHI,1,1,0,1,0,5,26,21,0.808,5.07,0,-0.2,59,0,0,1,NA,NA,0,0,0,0,12-13
51,Anders Lindback\lindban01,24,TBL,24,21,10,10,1,63,642,579,0.902,2.9,0,3.2,1304,11,0.524,3,111,-6.45,0,1,1,0,12-13
52,Henrik Lundqvist\lundqhe01,30,NYR,43,43,24,16,3,88,1190,1102,0.926,2.05,2,9.3,2575,29,0.674,1,84,16.81,0,1,1,0,12-13
53,Roberto Luongo\luongro01,33,VAN,20,18,9,6,3,51,551,500,0.907,2.56,2,3.1,1197,11,0.611,3,105,-2.47,0,0,0,0,12-13
54,Joey MacDonald\macdojo01,32,CGY,21,17,8,9,1,55,562,507,0.902,2.87,0,2.8,1148,7,0.412,3,111,-5.5,0,0,0,0,12-13
55,Jacob Markstrom\marksja02,23,FLA,23,23,8,14,1,68,685,617,0.901,3.22,0,3.3,1266,9,0.391,6,113,-7.67,0,0,0,0,12-13
56,Chris Mason\masonch02,36,NSH,11,6,1,7,1,29,229,200,0.873,3.73,0,0.4,467,3,0.5,2,144,-8.83,0,0,0,0,12-13
57,Steve Mason\masonst01,24,TOT,20,17,7,8,1,47,561,514,0.916,2.59,0,3.7,1090,7,0.412,1,95,2.41,0,1,1,0,12-13
57,Steve Mason\masonst01,24,CBJ,13,11,3,6,1,35,346,311,0.899,2.95,0,1.6,712,3,0.273,1,115,-4.53,0,0,0,0,12-13
57,Steve Mason\masonst01,24,PHI,7,6,4,2,0,12,215,203,0.944,1.9,0,2.2,378,4,0.667,0,63,6.94,0,1,1,0,12-13
58,Ryan Miller\millery01,32,BUF,40,39,17,17,5,108,1270,1162,0.915,2.81,0,8.3,2302,21,0.538,4,97,3.86,0,0,0,2,12-13
59,Al Montoya\montoal01,27,WPG,7,5,3,1,0,17,168,151,0.899,2.9,1,0.8,351,2,0.4,2,NA,NA,0,0,0,0,12-13
60,Petr Mrazek\mrazepe01,20,DET,2,2,1,1,0,4,51,47,0.922,2.01,0,0.4,119,1,0.5,0,NA,NA,0,0,0,0,12-13
61,Evgeni Nabokov\nabokev01,37,NYI,41,41,23,11,7,103,1139,1036,0.91,2.5,3,6.7,2475,20,0.488,5,103,-2.68,0,4,4,6,12-13
62,Michal Neuvirth\neuvimi01,24,WSH,13,12,4,5,2,33,367,334,0.91,2.74,0,2.2,723,7,0.583,2,102,-0.68,0,0,0,0,12-13
63,Antti Niemi\niemian02,29,SJS,43,43,24,12,6,93,1220,1127,0.924,2.16,4,9.2,2581,29,0.674,3,87,14.45,0,1,1,2,12-13
64,Cristopher Nilstorp\nihlsch01,28,DAL,5,5,1,3,1,15,146,131,0.897,3.09,0,0.6,291,2,0.4,2,NA,NA,0,0,0,0,12-13
65,Ondrej Pavelec\pavelon01,25,WPG,44,43,21,20,3,119,1251,1132,0.905,2.8,0,6.6,2553,19,0.442,8,108,-8.82,0,0,0,2,12-13
66,Justin Peters\peterju01,26,CAR,19,16,4,11,1,55,506,451,0.891,3.46,1,1.9,954,6,0.375,3,123,-10.43,0,0,0,0,12-13
67,Kevin Poulin\poulike01,22,NYI,5,4,1,3,0,13,122,109,0.893,3.03,0,0.5,258,2,0.5,1,NA,NA,0,0,0,0,12-13
68,Carey Price\priceca01,25,MTL,39,38,21,13,4,97,1018,921,0.905,2.59,3,5.4,2249,21,0.553,8,108,-7.34,0,0,0,0,12-13
69,Jonathan Quick\quickjo01,27,LAK,37,36,18,13,4,87,889,802,0.902,2.45,1,4.4,2134,20,0.556,9,111,-8.7,0,0,0,2,12-13
70,Tuukka Rask\rasktu01,25,BOS,36,34,19,10,5,70,980,910,0.929,2,5,8,2104,25,0.735,4,81,16.32,0,1,1,0,12-13
71,James Reimer\reimeja01,24,TOR,33,31,19,8,5,76,995,919,0.924,2.46,4,7.5,1856,17,0.548,2,87,11.64,0,1,1,0,12-13
72,Pekka Rinne\rinnepe01,30,NSH,43,42,15,16,8,99,1101,1002,0.91,2.43,5,6.5,2444,22,0.524,10,102,-2.03,0,1,1,8,12-13
73,Jussi Rynnas\rynnaju01,25,TOR,1,0,0,0,0,0,6,6,1,0,0,0.1,10,0,NA,0,NA,NA,0,0,0,0,12-13
74,Cory Schneider\schneco01,26,VAN,30,30,17,9,4,61,835,774,0.927,2.11,5,6.6,1733,21,0.7,4,83,12.54,0,1,1,0,12-13
75,Ben Scrivens\scrivbe01,26,TOR,20,17,7,9,0,46,542,496,0.915,2.69,2,3.5,1025,10,0.588,3,96,1.74,0,0,0,6,12-13
76,Mike Smith\smithmi01,30,PHX,34,34,15,12,5,84,938,854,0.91,2.58,5,5.6,1956,17,0.5,7,102,-1.38,0,0,0,0,12-13
77,Alex Stalock\staloal01,25,SJS,2,0,0,0,1,2,13,11,0.846,2.87,0,0,42,0,NA,0,NA,NA,0,0,0,0,12-13
78,Daniel Taylor\tayloda02,26,CGY,2,2,1,1,0,6,68,62,0.912,3,0,0.4,120,1,0.5,0,NA,NA,0,0,0,0,12-13
79,Jose Theodore\theodjo01,36,FLA,15,14,4,6,3,42,391,349,0.893,3.29,0,1.5,766,5,0.357,5,122,-7.56,0,0,0,2,12-13
80,Semyon Varlamov\varlasi01,24,COL,35,33,11,21,3,98,1007,909,0.903,3.02,3,5.1,1950,12,0.364,7,110,-9.31,0,1,1,0,12-13
81,Tomas Vokoun\vokouto01,36,PIT,20,17,13,4,0,42,519,477,0.919,2.45,3,3.6,1029,9,0.529,5,92,3.71,0,2,2,2,12-13
82,Cam Ward\wardca01,28,CAR,17,16,9,6,1,44,477,433,0.908,2.84,0,2.7,929,8,0.5,3,105,-1.99,0,0,0,0,12-13
1,Sami Aittokallio\aittosa01,21,COL,1,1,0,1,0,3,18,15,0.833,4.5,0,-0.1,40,0,0,1,NA,NA,0,0,0,0,13-14
2,Frederik Andersen\anderfr01,24,ANA,28,24,20,5,0,60,783,723,0.923,2.29,0,5.6,1569,12,0.5,0,89,7.47,0,1,1,0,13-14
3,Craig Anderson\andercr01,32,OTT,53,52,25,16,8,150,1680,1530,0.911,3,4,9.5,3000,26,0.5,10,104,-5.24,0,1,1,2,13-14
4,Richard Bachman\bachmri01,26,EDM,3,3,0,2,1,7,83,76,0.916,3.03,0,0.5,139,1,0.333,2,NA,NA,0,0,0,0,13-14
5,Niklas Backstrom\backsni01,35,MIN,21,19,5,11,2,55,546,491,0.899,3.02,0,2.3,1094,9,0.474,3,117,-7.95,0,0,0,0,13-14
6,Jonathan Bernier\bernijo01,25,TOR,55,49,26,19,7,139,1788,1649,0.922,2.7,1,12.6,3084,30,0.612,5,90,15.07,0,1,1,4,13-14
7,Reto Berra\berrare01,27,TOT,31,29,9,18,3,88,820,732,0.893,3.07,0,2.9,1720,14,0.483,7,125,-17.34,0,0,0,2,13-14
7,Reto Berra\berrare01,27,CGY,29,27,9,17,2,81,788,707,0.897,2.95,0,3.2,1648,14,0.519,5,119,-13.1,0,0,0,2,13-14
7,Reto Berra\berrare01,27,COL,2,2,0,1,1,7,32,25,0.781,5.85,0,-0.3,72,0,0,2,NA,NA,0,0,0,0,13-14
8,Martin Biron\bironma01,36,NYR,2,1,0,1,0,9,38,29,0.763,7.65,0,-0.5,71,0,0,1,NA,NA,0,0,0,0,13-14
9,Ben Bishop\bishobe01,27,TBL,63,63,37,14,7,133,1758,1625,0.924,2.23,5,12.9,3586,38,0.603,8,88,18.48,0,2,2,4,13-14
10,Sergei Bobrovsky\bobrose01,25,CBJ,58,57,32,20,5,131,1699,1568,0.923,2.38,5,12.1,3299,35,0.614,5,89,15.4,0,1,1,2,13-14
11,Martin Brodeur*\brodema01,41,NJD,39,39,19,14,6,96,971,875,0.901,2.51,3,4.4,2297,18,0.462,8,115,-12.33,0,3,3,2,13-14
12,Ilya Bryzgalov\bryzgil01,33,TOT,32,30,12,9,8,81,891,810,0.909,2.68,4,4.9,1814,16,0.533,4,106,-4.23,0,0,0,0,13-14
12,Ilya Bryzgalov\bryzgil01,33,EDM,20,19,5,8,5,57,622,565,0.908,3.01,1,3.4,1135,10,0.526,2,106,-3.4,0,0,0,0,13-14
12,Ilya Bryzgalov\bryzgil01,33,MIN,12,11,7,1,3,24,269,245,0.911,2.12,3,1.5,679,6,0.545,2,NA,NA,0,0,0,0,13-14
13,Peter Budaj\budajpe01,31,MTL,24,21,10,8,3,56,615,559,0.909,2.51,1,3.4,1338,9,0.429,3,106,-3.01,0,0,0,6,13-14
14,Jack Campbell\campbja01,22,DAL,1,1,0,1,0,6,47,41,0.872,6,0,0,60,0,0,0,NA,NA,0,0,0,0,13-14
15,Scott Clemmensen\clemmsc01,36,FLA,17,14,6,7,1,47,454,407,0.896,3.08,0,1.8,914,6,0.429,3,120,-7.88,0,1,1,0,13-14
16,Corey Crawford\crawfco01,29,CHI,59,56,32,16,10,128,1533,1405,0.917,2.26,2,9.8,3395,31,0.554,6,97,4.09,0,1,1,0,13-14
17,John Curry\curryjo01,29,MIN,2,1,1,0,0,4,57,53,0.93,3.01,0,0.5,80,1,1,0,NA,NA,0,0,0,0,13-14
18,Cedrick Desjardins\desjace01,28,TBL,1,0,0,1,0,2,13,11,0.846,6.65,0,0,18,0,NA,0,NA,NA,0,0,0,2,13-14
19,Devan Dubnyk\dubnyde01,27,TOT,34,31,11,18,3,103,945,842,0.891,3.43,2,3.1,1802,11,0.355,8,126,-21.57,0,0,0,6,13-14
19,Devan Dubnyk\dubnyde01,27,EDM,32,29,11,17,2,94,885,791,0.894,3.36,2,3.2,1678,11,0.379,7,123,-17.74,0,0,0,6,13-14
19,Devan Dubnyk\dubnyde01,27,NSH,2,2,0,1,1,9,60,51,0.85,4.36,0,-0.1,124,0,0,1,NA,NA,0,0,0,0,13-14
20,Brian Elliott\elliobr01,28,STL,31,25,18,6,2,53,681,628,0.922,1.96,4,4.8,1624,15,0.6,2,90,5.68,0,2,2,0,13-14
21,Dan Ellis\ellisda01,33,TOT,20,16,5,11,0,62,514,452,0.879,3.62,1,1,1027,4,0.25,6,140,-17.71,0,1,1,0,13-14
21,Dan Ellis\ellisda01,33,DAL,14,11,5,6,0,35,349,314,0.9,3.04,1,1.5,690,4,0.364,2,116,-4.93,0,1,1,0,13-14
21,Dan Ellis\ellisda01,33,FLA,6,5,0,5,0,27,165,138,0.836,4.8,0,-0.5,337,0,0,4,NA,NA,0,0,0,0,13-14
22,Ray Emery\emeryra01,31,PHI,28,21,9,12,2,69,711,642,0.903,2.96,2,3.4,1398,11,0.524,2,113,-7.74,0,0,0,31,13-14
23,Jhonas Enroth\enrotjh01,25,BUF,28,26,4,17,5,74,834,760,0.911,2.82,0,4.8,1574,14,0.538,3,103,-2.14,0,0,0,0,13-14
24,Joacim Eriksson\eriksjo01,23,VAN,1,0,NA,NA,NA,6,31,25,0.806,9.99,0,-0.2,36,0,NA,0,NA,NA,0,0,0,0,13-14
25,Viktor Fasth\fasthvi01,31,TOT,12,12,5,5,2,33,340,307,0.903,2.83,0,1.6,701,5,0.417,2,113,-3.7,0,0,0,0,13-14
25,Viktor Fasth\fasthvi01,31,EDM,7,7,3,3,1,18,209,191,0.914,2.73,0,1.3,396,4,0.571,1,NA,NA,0,0,0,0,13-14
25,Viktor Fasth\fasthvi01,31,ANA,5,5,2,2,1,15,131,116,0.885,2.95,0,0.3,305,1,0.2,1,NA,NA,0,0,0,0,13-14
26,Marc-Andre Fleury\fleurma01,29,PIT,64,64,39,18,5,150,1774,1624,0.915,2.37,5,11.1,3792,33,0.516,11,98,2.86,0,0,0,4,13-14
27,John Gibson\gibsojo02,20,ANA,3,3,3,0,0,4,87,83,0.954,1.33,1,0.9,181,3,1,0,NA,NA,0,0,0,0,13-14
28,Jean-Sebastien Giguere\gigueje01,36,COL,22,19,11,6,1,53,608,555,0.913,2.62,2,3.6,1212,12,0.632,4,101,-0.61,0,0,0,4,13-14
29,Thomas Greiss\greisth01,28,PHX,25,20,10,8,5,50,626,576,0.92,2.29,2,4.3,1312,12,0.6,2,93,3.94,0,0,0,0,13-14
30,Philipp Grubauer\grubaph01,22,WSH,17,14,6,5,5,35,469,434,0.925,2.38,0,3.5,883,9,0.643,2,87,5.41,0,0,0,0,13-14
31,Kristers Gudlevskis\gudlekr01,21,TBL,1,1,1,0,0,2,38,36,0.947,2.01,0,0.4,60,1,1,0,NA,NA,0,0,0,0,13-14
32,Jonas Gustavsson\gustajo01,29,DET,27,26,16,5,4,68,735,667,0.907,2.63,0,3.9,1551,13,0.5,6,107,-4.67,0,0,0,0,13-14
33,Matt Hackett\hackema01,23,BUF,8,8,1,6,1,22,239,217,0.908,3.1,0,1.3,426,4,0.5,1,NA,NA,0,0,0,0,13-14
34,Jaroslav Halak\halakja01,28,TOT,52,50,29,13,7,110,1385,1275,0.921,2.25,5,9.5,2939,30,0.6,6,92,9.34,0,1,1,0,13-14
34,Jaroslav Halak\halakja01,28,STL,40,38,24,9,4,83,1002,919,0.917,2.23,4,6.5,2238,22,0.579,6,96,3.34,0,1,1,0,13-14
34,Jaroslav Halak\halakja01,28,WSH,12,12,5,4,3,27,383,356,0.93,2.31,1,3,701,8,0.667,0,82,6,0,0,0,0,13-14
35,Andrew Hammond\hammoan01,25,OTT,1,0,NA,NA,NA,0,11,11,1,0,0,0.2,35,0,NA,0,NA,NA,0,0,0,0,13-14
36,Josh Harding\hardijo01,29,MIN,29,26,18,7,3,46,690,644,0.933,1.66,3,5.8,1668,21,0.808,3,77,13.45,0,0,0,0,13-14
37,Cal Heeter\heeteca01,25,PHI,1,1,0,0,1,5,38,33,0.868,4.69,0,0,64,0,0,0,NA,NA,0,0,0,0,13-14
38,Magnus Hellberg\hellbma01,22,NSH,1,0,NA,NA,NA,1,4,3,0.75,4.92,0,-0.1,12,0,NA,0,NA,NA,0,0,0,0,13-14
39,Jonas Hiller\hillejo01,31,ANA,50,50,29,13,7,120,1348,1228,0.911,2.48,5,7.7,2909,27,0.54,11,103,-3.85,0,2,2,0,13-14
40,Braden Holtby\holtbbr01,24,WSH,48,45,23,15,4,126,1475,1349,0.915,2.85,4,9,2656,26,0.578,7,99,1.1,0,2,2,7,13-14
41,Jimmy Howard\howarja02,29,DET,51,50,21,19,11,133,1482,1349,0.91,2.66,2,8.3,3004,25,0.5,7,104,-5.3,0,0,0,6,13-14
42,Michael Hutchinson\hutchmi01,23,WPG,3,3,2,1,0,5,88,83,0.943,1.64,0,0.8,183,3,1,0,NA,NA,0,0,0,0,13-14
43,Carter Hutton\huttoca01,28,NSH,40,34,20,11,4,91,1006,915,0.91,2.62,1,5.6,2085,15,0.441,8,105,-4.32,0,1,1,2,13-14
44,Chad Johnson\johnsch02,27,BOS,27,23,17,4,3,53,708,655,0.925,2.1,2,5.2,1511,15,0.652,2,87,8.01,0,0,0,0,13-14
45,Martin Jones\jonesma02,24,LAK,19,18,12,6,0,33,500,467,0.934,1.81,4,4.2,1095,13,0.722,1,77,10.08,0,1,1,0,13-14
46,Nikolai Khabibulin\khabini01,41,CHI,4,4,1,0,1,14,74,60,0.811,5.01,0,-0.5,168,1,0.25,3,NA,NA,0,0,0,0,13-14
47,Anton Khudobin\khudoan01,27,CAR,36,34,19,14,1,80,1076,996,0.926,2.3,1,8,2084,22,0.647,2,86,12.72,0,0,0,0,13-14
48,Connor Knapp\knappco01,23,BUF,2,1,0,0,1,4,32,28,0.875,3.14,0,0,77,0,0,0,NA,NA,0,1,1,0,13-14
49,Darcy Kuemper\kuempda01,23,MIN,26,25,12,8,4,60,702,642,0.915,2.43,2,4.3,1480,12,0.48,4,99,0.49,0,0,0,0,13-14
50,Jason LaBarbera\labarja01,34,EDM,7,4,1,3,0,19,146,127,0.87,3.27,0,0.1,348,0,0,3,NA,NA,0,0,0,0,13-14
51,Eddie Lack\lacked01,26,VAN,41,37,16,17,5,93,1052,959,0.912,2.41,4,6.1,2319,20,0.541,5,103,-2.35,0,0,0,0,13-14
52,Nathan Lawson\lawsona01,30,OTT,1,0,NA,NA,NA,2,10,8,0.8,10.11,0,-0.1,12,0,NA,0,NA,NA,0,0,0,0,13-14
53,Robin Lehner\lehnero01,22,OTT,36,30,12,15,6,99,1141,1042,0.913,3.06,1,6.8,1942,19,0.633,5,101,-0.68,0,0,0,4,13-14
54,Kari Lehtonen\lehtoka01,30,DAL,65,64,33,20,10,153,1888,1735,0.919,2.41,5,12.6,3804,36,0.563,10,94,9.68,0,4,4,4,13-14
55,Nathan Lieuwen\lieuwna01,22,BUF,7,5,1,4,0,18,191,173,0.906,2.97,0,1,363,2,0.4,0,NA,NA,0,0,0,0,13-14
56,Anders Lindback\lindban01,25,TBL,23,18,8,12,2,63,580,517,0.891,2.9,1,1.9,1302,6,0.333,3,126,-13.02,0,0,0,2,13-14
57,Henrik Lundqvist\lundqhe01,31,NYR,63,62,33,24,5,144,1810,1666,0.92,2.36,5,12.4,3655,36,0.581,9,92,11.96,0,4,4,0,13-14
58,Roberto Luongo\luongro01,34,TOT,56,56,25,23,7,129,1589,1460,0.919,2.4,4,10.6,3222,29,0.518,4,94,7.92,0,0,0,2,13-14
58,Roberto Luongo\luongro01,34,VAN,42,42,19,16,6,96,1157,1061,0.917,2.38,3,7.4,2418,22,0.524,4,96,3.69,0,0,0,0,13-14
58,Roberto Luongo\luongro01,34,FLA,14,14,6,7,1,33,432,399,0.924,2.46,1,3.1,804,7,0.5,0,89,4.22,0,0,0,2,13-14
59,Joey MacDonald\macdojo01,33,CGY,11,9,5,4,1,29,264,235,0.89,2.91,0,0.8,599,2,0.222,2,NA,NA,0,0,0,2,13-14
60,Drew MacIntyre\macindr01,30,TOR,2,1,0,1,0,4,51,47,0.922,2.54,0,0.4,95,0,0,0,NA,NA,0,0,0,0,13-14
61,Jacob Markstrom\marksja02,24,TOT,16,12,2,8,3,46,361,315,0.873,3.39,0,0.4,814,3,0.25,4,148,-14.89,0,0,0,0,13-14
61,Jacob Markstrom\marksja02,24,FLA,12,9,1,6,3,36,285,249,0.874,3.52,0,0.3,614,2,0.222,3,NA,NA,0,0,0,0,13-14
61,Jacob Markstrom\marksja02,24,VAN,4,3,1,2,0,10,76,66,0.868,3.01,0,0,200,1,0.333,1,NA,NA,0,0,0,0,13-14
62,Steve Mason\masonst01,25,PHI,61,60,33,18,7,145,1751,1606,0.917,2.5,4,11.3,3486,35,0.583,9,96,5.88,0,1,1,10,13-14
63,Marek Mazanec\mazanma01,22,NSH,25,22,8,10,4,64,650,586,0.902,2.8,2,3,1370,11,0.5,6,114,-7.99,0,0,0,0,13-14
64,Curtis McElhinney\mcelhcu01,30,CBJ,28,21,10,11,1,64,703,639,0.909,2.7,2,3.8,1423,12,0.571,3,106,-3.43,0,1,1,0,13-14
65,Mike McKenna\mckenmi01,30,CBJ,4,3,1,1,1,11,114,103,0.904,3.01,0,0.5,219,0,0,0,NA,NA,0,0,0,0,13-14
66,Ryan Miller\millery01,33,TOT,59,59,25,30,4,154,1885,1731,0.918,2.64,1,12.4,3501,36,0.61,7,95,8.42,0,2,2,0,13-14
66,Ryan Miller\millery01,33,BUF,40,40,15,22,3,108,1411,1303,0.923,2.72,0,10.2,2384,27,0.675,4,89,13.58,0,2,2,0,13-14
66,Ryan Miller\millery01,33,STL,19,19,10,8,1,46,474,428,0.903,2.47,1,2.2,1117,9,0.474,3,113,-5.16,0,0,0,0,13-14
67,Al Montoya\montoal01,28,WPG,28,22,13,8,3,59,737,678,0.92,2.3,2,5,1541,13,0.591,1,93,4.5,0,0,0,2,13-14
68,Petr Mrazek\mrazepe01,21,DET,9,6,2,4,0,13,178,165,0.927,1.74,2,1.4,449,4,0.667,1,NA,NA,0,0,0,0,13-14
69,Evgeni Nabokov\nabokev01,38,NYI,40,39,15,14,8,103,1085,982,0.905,2.74,4,5.4,2254,16,0.41,8,110,-9.51,0,1,1,4,13-14
70,Michal Neuvirth\neuvimi01,25,TOT,15,13,4,8,2,41,517,476,0.921,2.78,0,3.6,884,9,0.692,2,92,3.55,0,1,1,0,13-14
70,Michal Neuvirth\neuvimi01,25,WSH,13,11,4,6,2,36,419,383,0.914,2.82,0,2.5,767,7,0.636,2,100,0.1,0,1,1,0,13-14
70,Michal Neuvirth\neuvimi01,25,BUF,2,2,0,2,0,5,98,93,0.949,2.56,0,1,117,2,1,0,NA,NA,0,0,0,0,13-14
71,Antti Niemi\niemian02,30,SJS,64,64,39,17,7,149,1705,1556,0.913,2.39,4,10.1,3740,30,0.469,9,101,-2.09,0,2,2,0,13-14
72,Anders Nilsson\nilssan01,23,NYI,19,17,8,7,2,57,548,491,0.896,3.11,0,2.1,1101,6,0.353,4,121,-9.78,0,0,0,2,13-14
73,Cristopher Nilstorp\nihlsch01,29,DAL,1,0,NA,NA,NA,3,17,14,0.824,4.56,0,-0.1,39,0,NA,0,NA,NA,0,0,0,0,13-14
74,Joni Ortio\ortiojo01,22,CGY,9,9,4,4,0,21,193,172,0.891,2.52,0,0.6,501,3,0.333,1,NA,NA,0,2,2,0,13-14
75,Ondrej Pavelec\pavelon01,26,WPG,57,57,22,26,7,163,1644,1481,0.901,3.01,1,7.4,3248,24,0.421,12,115,-21.34,0,3,3,0,13-14
76,Justin Peters\peterju01,27,CAR,21,20,7,9,4,51,626,575,0.919,2.5,1,4.1,1225,11,0.55,3,95,2.94,0,2,2,4,13-14
77,Kevin Poulin\poulike01,23,NYI,28,26,11,16,1,89,820,731,0.891,3.29,0,2.8,1625,8,0.308,8,126,-18.34,0,0,0,0,13-14
78,Carey Price\priceca01,26,MTL,59,59,34,20,5,134,1828,1694,0.927,2.32,6,13.9,3464,38,0.644,7,85,23.51,0,2,2,4,13-14
79,Jonathan Quick\quickjo01,28,LAK,49,49,27,17,4,100,1183,1083,0.915,2.07,6,7.4,2904,26,0.531,6,98,1.93,0,2,2,2,13-14
80,Antti Raanta\raantan01,24,CHI,25,22,13,5,4,63,610,547,0.897,2.71,1,2.4,1397,12,0.545,6,120,-10.44,0,1,1,0,13-14
81,Karri Ramo\ramoka01,27,CGY,40,37,17,15,4,97,1091,994,0.911,2.65,2,6.2,2194,19,0.514,5,103,-2.99,0,1,1,10,13-14
82,Tuukka Rask\rasktu01,26,BOS,58,58,36,15,6,115,1641,1526,0.93,2.04,7,13.1,3386,39,0.672,8,81,26.4,0,2,2,2,13-14
83,James Reimer\reimeja01,25,TOR,36,32,12,16,1,97,1094,997,0.911,3.26,1,6.3,1785,16,0.5,8,103,-2.73,0,0,0,2,13-14
84,Pekka Rinne\rinnepe01,31,NSH,24,24,10,10,3,63,645,582,0.902,2.77,2,3,1367,12,0.5,8,113,-7.42,0,0,0,0,13-14
85,Cory Schneider\schneco01,27,NJD,45,43,16,15,12,88,1107,1019,0.921,1.97,3,7.6,2680,25,0.581,4,92,7.39,0,0,0,4,13-14
86,Ben Scrivens\scrivbe01,27,TOT,40,35,16,16,4,94,1205,1111,0.922,2.55,4,8.5,2210,22,0.629,3,91,9.83,0,1,1,6,13-14
86,Ben Scrivens\scrivbe01,27,EDM,21,20,9,11,0,62,741,679,0.916,3.01,1,4.7,1235,12,0.6,3,97,1.85,0,0,0,6,13-14
86,Ben Scrivens\scrivbe01,27,LAK,19,15,7,5,4,32,464,432,0.931,1.97,3,3.8,975,10,0.667,0,80,7.98,0,1,1,0,13-14
87,Kent Simpson\simpske01,21,CHI,1,0,NA,NA,NA,2,7,5,0.714,6,0,-0.1,20,0,NA,0,NA,NA,0,0,0,0,13-14
88,Mike Smith\smithmi01,31,PHX,62,61,27,21,10,159,1871,1712,0.915,2.64,3,11.6,3610,35,0.574,5,99,2.22,1,3,4,14,13-14
89,Alex Stalock\staloal01,26,SJS,24,18,12,5,2,39,571,532,0.932,1.87,2,4.7,1252,12,0.667,1,79,10.2,0,0,0,2,13-14
90,Niklas Svedberg\svedbni01,24,BOS,1,1,1,0,0,2,35,33,0.943,1.97,0,0.3,61,1,1,0,NA,NA,0,0,0,0,13-14
91,Cam Talbot\talboca01,26,NYR,21,19,12,6,1,33,560,527,0.941,1.64,3,5.2,1211,16,0.842,0,68,15.25,0,0,0,0,13-14
92,Tim Thomas\thomati01,39,TOT,48,45,18,24,4,128,1390,1262,0.908,2.88,0,7.4,2663,25,0.556,7,107,-8.23,0,1,1,4,13-14
92,Tim Thomas\thomati01,39,FLA,40,40,16,20,3,110,1206,1096,0.909,2.87,0,6.6,2299,23,0.575,6,106,-6.08,0,1,1,4,13-14
92,Tim Thomas\thomati01,39,DAL,8,5,2,4,1,18,184,166,0.902,2.97,0,0.9,364,2,0.4,1,NA,NA,0,0,0,0,13-14
93,Dustin Tokarski\tokardu01,24,MTL,3,2,2,0,0,5,93,88,0.946,1.84,1,0.9,163,2,1,0,NA,NA,0,0,0,0,13-14
94,Semyon Varlamov\varlasi01,25,COL,63,60,41,14,6,146,2013,1867,0.927,2.41,2,15.5,3640,44,0.733,4,84,27.45,0,3,3,2,13-14
95,Mark Visentin\visenma01,21,PHX,1,1,0,1,0,3,32,29,0.906,3.06,0,0.2,59,0,0,0,NA,NA,0,0,0,0,13-14
96,Cam Ward\wardca01,29,CAR,30,28,10,12,6,84,824,740,0.898,3.06,0,3.4,1645,11,0.393,6,118,-13,0,1,1,2,13-14
97,Jeff Zatkoff\zatkoje01,26,PIT,20,18,12,6,2,51,582,531,0.912,2.61,1,3.4,1171,9,0.5,3,102,-0.85,0,1,1,0,13-14
1,Jake Allen\allenja01,24,STL,37,32,22,7,4,79,909,830,0.913,2.28,4,5.3,2077,17,0.531,6,102,-1.41,0,2,2,2,14-15
2,Frederik Andersen\anderfr01,25,ANA,54,53,35,12,5,123,1436,1313,0.914,2.38,3,8.6,3106,32,0.604,9,100,-0.43,0,3,3,4,14-15
3,Craig Anderson\andercr01,33,OTT,35,35,14,13,8,87,1134,1047,0.923,2.49,3,8,2093,17,0.486,2,90,9.79,0,0,0,4,14-15
4,Richard Bachman\bachmri01,27,EDM,6,4,3,2,0,15,168,153,0.911,2.84,1,0.9,317,3,0.75,1,NA,NA,0,0,0,0,14-15
5,Niklas Backstrom\backsni01,36,MIN,19,14,5,7,3,51,452,401,0.887,3.05,0,1.2,1005,2,0.143,4,132,-12.42,0,0,0,2,14-15
6,Jonathan Bernier\bernijo01,26,TOR,58,55,21,28,7,152,1735,1583,0.912,2.87,2,10,3177,26,0.473,11,103,-3.91,0,1,1,0,14-15
7,Reto Berra\berrare01,28,COL,19,12,5,4,1,33,403,370,0.918,2.65,1,2.6,746,5,0.417,2,96,1.4,0,0,0,0,14-15
8,Ben Bishop\bishobe01,28,TBL,62,59,40,13,5,136,1620,1484,0.916,2.32,4,10,3519,33,0.559,8,98,2.27,0,4,4,4,14-15
9,Sergei Bobrovsky\bobrose01,26,CBJ,51,49,30,17,3,134,1632,1498,0.918,2.68,2,10.4,2994,26,0.531,3,96,5.3,0,2,2,4,14-15
10,Martin Brodeur*\brodema01,42,STL,7,5,3,3,0,17,169,152,0.899,2.87,1,0.7,356,2,0.4,2,NA,NA,0,0,0,0,14-15
11,Laurent Brossoit\brossla01,21,EDM,1,1,0,1,0,2,51,49,0.961,2.01,0,0.6,60,1,1,0,NA,NA,0,0,0,0,14-15
12,Ilya Bryzgalov\bryzgil01,34,ANA,8,6,1,4,1,23,150,127,0.847,4.19,0,-0.3,329,2,0.333,3,NA,NA,0,2,2,0,14-15
13,Tyler Bunz\bunzty01,22,EDM,1,0,0,0,0,3,12,9,0.75,9,0,-0.2,20,0,NA,0,NA,NA,0,0,0,0,14-15
14,Scott Clemmensen\clemmsc01,37,NJD,3,1,0,0,1,8,54,46,0.852,4.73,0,-0.1,102,0,0,0,NA,NA,0,0,0,0,14-15
15,Corey Crawford\crawfco01,30,CHI,57,57,32,20,5,126,1661,1535,0.924,2.27,2,11.9,3333,38,0.667,4,89,15.77,0,1,1,8,14-15
16,John Curry\curryjo01,30,MIN,2,1,0,0,1,5,25,20,0.8,4.18,0,-0.2,72,0,0,1,NA,NA,0,0,0,0,14-15
17,Scott Darling\darlisc01,26,CHI,14,13,9,4,0,27,419,392,0.936,1.95,1,3.6,833,10,0.769,0,75,8.76,0,0,0,0,14-15
18,Louis Domingue\dominlo01,22,ARI,7,4,1,2,1,14,158,144,0.911,2.73,0,0.9,308,3,0.75,0,NA,NA,0,0,0,0,14-15
19,Chris Driedger\driedch01,20,OTT,1,0,0,0,0,0,10,10,1,0,0,0.2,23,0,NA,0,NA,NA,0,0,0,0,14-15
20,Devan Dubnyk\dubnyde01,28,TOT,58,55,36,14,4,115,1625,1510,0.929,2.07,6,12.6,3328,36,0.655,4,83,23.7,0,2,2,2,14-15
20,Devan Dubnyk\dubnyde01,28,MIN,39,39,27,9,2,68,1064,996,0.936,1.78,5,9.1,2293,28,0.718,2,75,22.82,0,2,2,2,14-15
20,Devan Dubnyk\dubnyde01,28,ARI,19,16,9,5,2,47,561,514,0.916,2.72,1,3.5,1035,8,0.5,2,98,0.88,0,0,0,0,14-15
21,Brian Elliott\elliobr01,29,STL,46,45,26,14,3,96,1150,1054,0.917,2.26,5,7.2,2546,27,0.6,8,98,2.16,0,3,3,0,14-15
22,Dan Ellis\ellisda01,34,FLA,8,8,4,3,1,19,221,202,0.914,2.34,1,1.3,486,4,0.5,0,NA,NA,0,0,0,0,14-15
23,Ray Emery\emeryra01,32,PHI,31,25,10,11,7,80,758,678,0.894,3.06,0,2.7,1570,13,0.52,6,124,-15.3,0,0,0,4,14-15
24,Jhonas Enroth\enrotjh01,26,TOT,50,44,18,26,2,145,1504,1359,0.904,3.07,2,7,2834,20,0.455,7,113,-16.63,0,0,0,0,14-15
24,Jhonas Enroth\enrotjh01,26,BUF,37,35,13,21,2,120,1237,1117,0.903,3.27,1,5.7,2204,16,0.457,6,114,-14.42,0,0,0,0,14-15
24,Jhonas Enroth\enrotjh01,26,DAL,13,9,5,5,0,25,267,242,0.906,2.38,1,1.3,630,4,0.444,1,NA,NA,0,0,0,0,14-15
25,Viktor Fasth\fasthvi01,32,EDM,26,24,6,15,3,76,681,605,0.888,3.41,0,1.9,1336,9,0.375,9,131,-17.87,0,0,0,0,14-15
26,Marc-Andre Fleury\fleurma01,30,PIT,64,64,34,20,9,146,1831,1685,0.92,2.32,10,12.2,3776,35,0.547,6,93,10.28,0,1,1,6,14-15
27,Anton Forsberg\forsban01,22,CBJ,5,5,0,4,0,20,149,129,0.866,4.69,0,0,256,0,0,1,NA,NA,0,0,0,0,14-15
28,John Gibson\gibsojo02,21,ANA,23,21,13,8,0,58,674,616,0.914,2.6,1,4,1340,13,0.619,4,101,-0.47,0,0,0,0,14-15
29,Thomas Greiss\greisth01,29,PIT,20,18,9,6,3,50,546,496,0.908,2.59,0,2.9,1159,8,0.444,2,107,-3.4,0,0,0,0,14-15
30,Troy Grosenick\grosetr01,25,SJS,2,2,1,1,0,3,58,55,0.948,1.52,1,0.6,118,1,0.5,1,NA,NA,0,0,0,0,14-15
31,Philipp Grubauer\grubaph01,23,WSH,1,1,1,0,0,2,25,23,0.92,1.85,0,0.2,65,1,1,0,NA,NA,0,0,0,0,14-15
32,Jonas Gustavsson\gustajo01,30,DET,7,6,3,3,1,15,168,153,0.911,2.56,1,0.9,351,3,0.5,2,NA,NA,0,0,0,2,14-15
33,Matt Hackett\hackema01,24,BUF,5,4,0,4,1,18,155,137,0.884,4.32,0,0.4,250,1,0.25,1,NA,NA,0,0,0,0,14-15
34,Jaroslav Halak\halakja01,29,NYI,59,59,38,17,4,144,1673,1529,0.914,2.43,6,9.9,3550,33,0.559,7,101,-1.2,0,1,1,2,14-15
35,Andrew Hammond\hammoan01,26,OTT,24,23,20,1,2,42,707,665,0.941,1.79,3,6.5,1411,18,0.783,1,70,18.34,0,1,1,0,14-15
36,Jonas Hiller\hillejo01,32,CGY,52,44,26,19,4,113,1376,1263,0.918,2.36,1,8.8,2871,23,0.523,3,96,4.45,0,0,0,0,14-15
37,Braden Holtby\holtbbr01,25,WSH,73,72,41,20,10,157,2044,1887,0.923,2.22,9,14.4,4247,43,0.597,7,90,17.46,0,2,2,2,14-15
38,Jimmy Howard\howarja02,30,DET,53,50,23,13,11,121,1350,1229,0.91,2.44,2,7.4,2971,26,0.52,8,105,-5.77,0,1,1,2,14-15
39,Michael Hutchinson\hutchmi01,24,WPG,38,36,21,10,5,85,986,901,0.914,2.38,2,5.8,2138,19,0.528,7,101,-0.84,0,0,0,0,14-15
40,Carter Hutton\huttoca01,29,NSH,18,17,6,7,4,44,450,406,0.902,2.61,1,2,1010,6,0.353,3,115,-5.59,0,0,0,0,14-15
41,Chad Johnson\johnsch02,28,NYI,19,17,8,8,1,54,488,434,0.889,3.08,0,1.4,1053,7,0.412,6,130,-12.35,0,0,0,0,14-15
42,Martin Jones\jonesma02,25,LAK,15,11,4,5,2,29,307,278,0.906,2.24,3,1.5,775,5,0.455,2,NA,NA,0,1,1,0,14-15
43,Anton Khudobin\khudoan01,28,CAR,34,32,8,17,6,87,874,787,0.9,2.72,1,3.8,1920,16,0.5,9,117,-12.4,0,0,0,0,14-15
44,Keith Kinkaid\kinkake01,25,NJD,19,13,6,5,4,40,469,429,0.915,2.59,0,2.8,925,8,0.615,0,100,0.03,0,0,0,0,14-15
45,Darcy Kuemper\kuempda01,24,MIN,31,28,14,12,2,68,718,650,0.905,2.6,3,3.5,1569,15,0.536,7,111,-6.72,0,0,0,0,14-15
46,Jason LaBarbera\labarja01,35,ANA,5,2,2,0,1,9,99,90,0.909,2.6,0,0.5,207,2,1,0,NA,NA,0,0,0,0,14-15
47,Eddie Lack\lacked01,27,VAN,41,35,18,13,4,95,1201,1106,0.921,2.45,2,8.1,2324,18,0.514,5,93,7.51,0,0,0,2,14-15
48,Robin Lehner\lehnero01,23,OTT,25,24,9,12,3,74,779,705,0.905,3.02,0,3.8,1471,11,0.458,2,111,-7.51,0,1,1,0,14-15
49,Kari Lehtonen\lehtoka01,31,DAL,65,65,34,17,10,181,1875,1694,0.903,2.94,5,8.7,3698,30,0.462,12,113,-20.96,0,3,3,2,14-15
50,Anders Lindback\lindban01,26,TOT,26,22,6,16,2,73,798,725,0.909,3.11,0,4.2,1408,8,0.364,3,107,-4.89,0,1,1,4,14-15
50,Anders Lindback\lindban01,26,BUF,16,15,4,8,2,41,542,501,0.924,2.76,0,3.9,891,8,0.533,1,89,5.26,0,0,0,4,14-15
50,Anders Lindback\lindban01,26,DAL,10,7,2,8,0,32,256,224,0.875,3.71,0,0.3,517,0,0,2,NA,NA,0,1,1,0,14-15
51,Henrik Lundqvist\lundqhe01,32,NYR,46,46,30,13,3,103,1329,1226,0.922,2.25,5,9.2,2743,29,0.63,4,91,10.43,0,1,1,0,14-15
52,Roberto Luongo\luongro01,35,FLA,61,61,28,19,12,138,1743,1605,0.921,2.35,2,11.8,3528,36,0.59,9,93,10.77,0,0,0,0,14-15
53,Andrey Makarov\makaran01,21,BUF,1,1,0,1,0,3,36,33,0.917,3,0,0.2,60,1,1,0,NA,NA,0,0,0,0,14-15
54,Jacob Markstrom\marksja02,25,VAN,3,2,1,1,0,4,33,29,0.879,3.09,0,0.1,78,1,0.5,1,NA,NA,0,0,0,0,14-15
55,Steve Mason\masonst01,26,PHI,51,48,18,18,11,108,1490,1382,0.928,2.25,3,11.3,2885,29,0.604,4,85,19.18,0,3,3,2,14-15
56,Marek Mazanec\mazanma01,23,NSH,2,1,0,1,0,4,47,43,0.915,2.27,0,0.3,106,1,1,0,NA,NA,0,0,0,0,14-15
57,Thomas McCollum\mccolth01,25,DET,2,0,1,0,0,1,25,24,0.96,0.91,0,0.3,66,0,NA,0,NA,NA,0,0,0,0,14-15
58,Curtis McElhinney\mcelhcu01,31,CBJ,32,28,12,14,2,82,949,867,0.914,2.88,0,5.6,1710,12,0.429,2,101,-1,0,0,0,0,14-15
59,Mike McKenna\mckenmi01,31,ARI,1,1,0,1,0,5,34,29,0.853,5,0,0,60,0,0,0,NA,NA,0,0,0,0,14-15
60,Ryan Miller\millery01,34,VAN,45,45,29,15,1,107,1198,1091,0.911,2.53,6,6.6,2542,22,0.489,8,105,-4.75,0,0,0,0,14-15
61,Al Montoya\montoal01,29,FLA,20,13,6,7,2,49,453,404,0.892,3.01,0,1.5,977,6,0.462,3,127,-10.33,0,0,0,2,14-15
62,Petr Mrazek\mrazepe01,22,DET,29,26,16,9,2,63,768,705,0.918,2.38,3,4.9,1585,15,0.577,6,96,2.55,0,0,0,0,14-15
63,Evgeni Nabokov\nabokev01,39,TBL,11,9,3,6,2,29,245,216,0.882,3.14,0,0.5,553,5,0.556,2,NA,NA,0,1,1,2,14-15
64,Michal Neuvirth\neuvimi01,26,TOT,32,32,7,20,4,92,1067,975,0.914,2.98,0,6.3,1850,16,0.5,4,101,-0.93,0,0,0,0,14-15
64,Michal Neuvirth\neuvimi01,26,BUF,27,27,6,17,3,77,941,864,0.918,2.99,0,6.1,1544,15,0.556,3,96,3.32,0,0,0,0,14-15
64,Michal Neuvirth\neuvimi01,26,NYI,5,5,1,3,1,15,126,111,0.881,2.94,0,0.2,306,1,0.2,1,NA,NA,0,0,0,0,14-15
65,Antti Niemi\niemian02,31,SJS,61,61,31,23,7,155,1811,1656,0.914,2.59,5,10.8,3588,32,0.525,9,100,-0.43,0,3,3,0,14-15
66,Joni Ortio\ortiojo01,23,CGY,6,6,4,2,0,14,153,139,0.908,2.52,1,0.8,333,3,0.5,2,NA,NA,0,0,0,0,14-15
67,Ondrej Pavelec\pavelon01,27,WPG,50,46,22,16,8,108,1353,1245,0.92,2.28,5,9,2838,23,0.5,5,94,7.48,0,0,0,2,14-15
68,Justin Peters\peterju01,28,WSH,12,9,3,6,1,35,294,259,0.881,3.25,0,0.6,647,1,0.111,3,NA,NA,0,0,0,0,14-15
69,Calvin Pickard\pickaca01,22,COL,16,13,6,7,3,35,511,476,0.932,2.35,0,4.1,895,9,0.692,1,80,8.62,0,0,0,0,14-15
70,Kevin Poulin\poulike01,24,NYI,1,1,0,0,1,3,26,23,0.885,2.77,0,0.1,65,0,0,0,NA,NA,0,0,0,0,14-15
71,Carey Price\priceca01,27,MTL,66,66,44,16,6,130,1953,1823,0.933,1.96,9,16.2,3977,39,0.591,6,78,36.7,0,1,1,4,14-15
72,Jonathan Quick\quickjo01,29,LAK,72,71,36,22,13,156,1896,1740,0.918,2.24,6,12.1,4184,36,0.507,9,96,5.83,0,1,1,18,14-15
73,Antti Raanta\raantan01,25,CHI,14,12,7,4,1,25,389,364,0.936,1.89,2,3.3,792,8,0.667,1,75,8.2,0,0,0,0,14-15
74,Karri Ramo\ramoka01,28,CGY,34,32,15,9,3,75,852,777,0.912,2.6,2,4.8,1731,14,0.438,5,103,-2.28,0,0,0,0,14-15
75,Tuukka Rask\rasktu01,27,BOS,70,67,34,21,13,156,2011,1855,0.922,2.3,3,14,4063,42,0.627,8,91,15.65,0,0,0,8,14-15
76,James Reimer\reimeja01,26,TOR,35,27,9,16,1,93,1001,908,0.907,3.16,0,5.1,1767,13,0.481,7,109,-7.56,0,0,0,2,14-15
77,Pekka Rinne\rinnepe01,32,NSH,64,64,41,17,6,140,1807,1667,0.923,2.18,4,12.6,3851,43,0.672,7,91,14.23,0,1,1,8,14-15
78,Jussi Rynnas\rynnaju01,27,DAL,2,1,0,1,0,7,44,37,0.841,4.54,0,-0.1,92,0,0,1,NA,NA,0,0,0,0,14-15
79,Cory Schneider\schneco01,28,NJD,69,68,26,31,9,148,1982,1834,0.925,2.26,5,14.5,3924,41,0.603,7,87,21.17,0,2,2,0,14-15
80,Ben Scrivens\scrivbe01,28,EDM,57,53,15,26,11,170,1542,1372,0.89,3.16,1,4.6,3228,19,0.358,13,129,-38.39,0,1,1,4,14-15
81,Mackenzie Skapski\skapsma01,20,NYR,2,2,2,0,0,1,45,44,0.978,0.5,1,0.6,119,2,1,0,NA,NA,0,0,0,0,14-15
82,Mike Smith\smithmi01,32,ARI,62,61,14,42,5,187,1955,1768,0.904,3.16,0,9.3,3556,29,0.475,12,112,-20.13,0,1,1,10,14-15
83,Alex Stalock\staloal01,27,SJS,22,19,8,9,2,54,553,499,0.902,2.62,2,2.5,1237,10,0.526,1,114,-6.8,0,0,0,2,14-15
84,Malcolm Subban\subbama01,21,BOS,1,1,0,1,0,3,6,3,0.5,5.76,0,-0.3,31,0,0,1,NA,NA,0,0,0,0,14-15
85,Niklas Svedberg\svedbni01,25,BOS,18,14,7,5,1,35,425,390,0.918,2.33,2,2.7,900,9,0.643,2,96,1.28,0,0,0,0,14-15
86,Cam Talbot\talboca01,27,NYR,36,34,21,9,4,77,1038,961,0.926,2.21,5,7.6,2095,17,0.5,2,87,11.6,0,0,0,0,14-15
87,Dustin Tokarski\tokardu01,25,MTL,17,16,6,6,4,46,509,463,0.91,2.75,0,2.7,1005,8,0.5,1,106,-2.56,0,1,1,0,14-15
88,Semyon Varlamov\varlasi01,26,COL,57,57,28,20,8,141,1791,1650,0.921,2.56,5,12.2,3307,33,0.579,6,92,11.87,0,0,0,4,14-15
89,Andrei Vasilevskiy\vasilan02,20,TBL,16,13,7,5,1,34,415,381,0.918,2.36,1,2.7,864,7,0.538,1,96,1.42,0,0,0,0,14-15
90,Cam Ward\wardca01,30,CAR,51,50,22,24,5,121,1351,1230,0.91,2.4,1,7.4,3026,26,0.52,7,105,-5.69,0,0,0,4,14-15
91,Jeff Zatkoff\zatkoje01,27,PIT,1,0,0,1,0,1,17,16,0.941,1.63,0,0.2,37,0,NA,0,NA,NA,0,0,0,0,14-15
92,Rob Zepp\zeppro01,33,PHI,10,9,5,2,0,25,223,198,0.888,2.89,0,0.6,519,1,0.111,2,NA,NA,0,0,0,0,14-15
1,Jake Allen\allenja01,25,STL,47,44,26,15,3,101,1260,1159,0.92,2.35,6,8.2,2583,26,0.591,6,94,6.28,0,0,0,0,15-16
2,Frederik Andersen\anderfr01,26,ANA,43,37,22,9,7,88,1086,998,0.919,2.3,3,7,2298,24,0.649,5,95,4.46,0,1,1,2,15-16
3,Craig Anderson\andercr01,34,OTT,60,60,31,23,5,161,1915,1754,0.916,2.78,4,11.6,3477,31,0.517,8,99,2.05,0,2,2,0,15-16
4,Richard Bachman\bachmri01,28,VAN,1,1,1,0,0,3,31,28,0.903,3.01,0,0.1,60,0,0,0,NA,NA,0,0,0,0,15-16
5,Niklas Backstrom\backsni01,37,CGY,4,3,2,2,0,13,109,96,0.881,3.35,0,0.2,233,2,0.667,1,NA,NA,0,0,0,0,15-16
6,Jonathan Bernier\bernijo01,27,TOR,38,36,12,21,3,103,1114,1011,0.908,2.88,3,5.6,2147,19,0.528,8,109,-8.15,0,0,0,2,15-16
7,Reto Berra\berrare01,29,COL,14,12,5,8,0,29,374,345,0.922,2.41,2,2.5,721,7,0.583,2,91,2.84,0,1,1,2,15-16
8,Jean-Francois Berube\berubje02,24,NYI,7,6,3,2,1,18,210,192,0.914,2.71,0,1.2,399,4,0.667,1,NA,NA,0,0,0,0,15-16
9,Jordan Binnington\binnijo01,22,STL,1,0,0,0,0,1,4,3,0.75,4.69,0,-0.1,13,0,NA,0,NA,NA,0,0,0,0,15-16
10,Ben Bishop\bishobe01,29,TBL,61,60,35,21,4,123,1672,1549,0.926,2.06,6,12.2,3585,37,0.617,4,86,19.36,0,1,1,4,15-16
11,Sergei Bobrovsky\bobrose01,27,CBJ,37,37,15,19,1,97,1049,952,0.908,2.75,1,5.3,2116,18,0.486,8,109,-7.69,0,2,2,2,15-16
12,Laurent Brossoit\brossla01,22,EDM,5,5,0,4,1,18,142,124,0.873,3.61,0,0.1,300,1,0.2,2,NA,NA,0,0,0,0,15-16
13,Peter Budaj\budajpe01,33,LAK,1,1,1,0,0,4,28,24,0.857,3.85,0,0,62,0,0,0,NA,NA,0,0,0,0,15-16
14,Mike Condon\condomi01,25,MTL,55,51,21,25,6,141,1458,1317,0.903,2.71,1,6.6,3123,24,0.471,9,114,-16.86,0,0,0,0,15-16
15,Pheonix Copley\copleph01,24,STL,1,0,0,0,0,1,6,5,0.833,2.46,0,0,24,0,NA,0,NA,NA,0,0,0,0,15-16
16,Corey Crawford\crawfco01,31,CHI,58,58,35,18,5,131,1718,1587,0.924,2.37,7,12,3323,40,0.69,9,90,15.27,0,1,1,2,15-16
17,Yann Danis\danisya01,34,NJD,2,0,0,1,0,4,18,14,0.778,4.75,0,-0.2,51,0,NA,0,NA,NA,0,0,0,0,15-16
18,Scott Darling\darlisc01,27,CHI,29,24,12,8,4,67,784,717,0.915,2.58,1,4.6,1560,13,0.542,5,100,-0.25,0,0,0,0,15-16
19,Louis Domingue\dominlo01,23,ARI,39,36,15,18,5,101,1142,1041,0.912,2.75,2,6.3,2206,20,0.556,5,104,-3.77,0,1,1,0,15-16
20,Chris Driedger\driedch01,21,OTT,1,0,0,0,0,0,11,11,1,0,0,0.2,32,0,NA,0,NA,NA,0,0,0,0,15-16
21,Devan Dubnyk\dubnyde01,29,MIN,67,66,32,26,6,150,1829,1679,0.918,2.33,5,11.5,3861,34,0.515,5,96,5.73,0,0,0,8,15-16
22,Brian Elliott\elliobr01,30,STL,42,38,23,8,6,78,1113,1035,0.93,2.07,4,8.6,2261,26,0.684,6,82,16.76,0,0,0,2,15-16
23,Jhonas Enroth\enrotjh01,27,LAK,16,13,7,5,1,31,398,367,0.922,2.17,2,2.7,856,8,0.615,1,91,2.89,0,0,0,0,15-16
24,Marc-Andre Fleury\fleurma01,31,PIT,58,58,35,17,6,132,1665,1533,0.921,2.29,5,11,3463,33,0.569,5,93,9.76,0,1,1,2,15-16
25,Anton Forsberg\forsban01,23,CBJ,4,3,1,3,0,9,97,88,0.907,3.03,0,0.5,178,1,0.333,0,NA,NA,0,0,0,0,15-16
26,Christopher Gibson\gibsoch01,23,NYI,4,2,1,1,1,11,93,82,0.882,3.4,0,0.2,194,0,0,1,NA,NA,0,0,0,0,15-16
27,John Gibson\gibsojo02,22,ANA,40,38,21,13,4,79,992,913,0.92,2.07,4,6.5,2295,21,0.553,3,94,5.46,0,1,1,2,15-16
28,Thomas Greiss\greisth01,30,NYI,41,38,23,11,4,90,1197,1107,0.925,2.36,1,8.5,2287,22,0.579,2,88,11.92,0,1,1,2,15-16
29,Philipp Grubauer\grubaph01,24,WSH,22,16,8,9,1,43,523,480,0.918,2.32,0,3.3,1111,7,0.438,2,97,1.53,0,0,0,2,15-16
30,Kristers Gudlevskis\gudlekr01,23,TBL,1,1,0,0,1,1,32,31,0.969,1,0,0.4,60,1,1,0,NA,NA,0,0,0,0,15-16
31,Jonas Gustavsson\gustajo01,31,BOS,24,20,11,9,1,57,622,565,0.908,2.72,1,3.2,1258,9,0.45,2,108,-4.04,0,0,0,0,15-16
32,Jaroslav Halak\halakja01,30,NYI,36,36,18,13,4,80,984,904,0.919,2.3,3,6.3,2091,21,0.583,6,95,3.78,0,1,1,0,15-16
33,Andrew Hammond\hammoan01,27,OTT,24,21,7,11,4,61,712,651,0.914,2.65,1,4.2,1382,13,0.619,1,101,-0.38,0,0,0,2,15-16
34,Magnus Hellberg\hellbma01,24,NYR,1,0,0,0,0,2,6,4,0.667,6,0,-0.1,20,0,NA,0,NA,NA,0,0,0,0,15-16
35,Connor Hellebuyck\helleco01,22,WPG,26,26,13,11,1,56,683,627,0.918,2.34,2,4.3,1433,14,0.538,6,96,2.15,0,0,0,0,15-16
36,Jonas Hiller\hillejo01,33,CGY,26,23,9,11,1,79,654,575,0.879,3.51,1,1.1,1351,7,0.304,8,142,-23.32,0,0,0,0,15-16
37,Braden Holtby\holtbbr01,26,WSH,66,66,48,9,7,141,1802,1661,0.922,2.2,3,12.1,3841,42,0.636,6,92,12.43,0,1,1,6,15-16
38,Jimmy Howard\howarja02,31,DET,37,33,14,14,5,92,979,887,0.906,2.8,2,4.8,1974,16,0.485,6,110,-8.65,0,1,1,2,15-16
39,Michael Hutchinson\hutchmi01,25,WPG,30,25,9,15,3,75,805,730,0.907,2.84,0,4,1586,9,0.36,3,109,-6.46,0,0,0,0,15-16
40,Carter Hutton\huttoca01,30,NSH,17,15,7,5,4,38,464,426,0.918,2.33,2,2.9,979,7,0.467,1,96,1.51,0,1,1,0,15-16
41,Chad Johnson\johnsch02,29,BUF,45,40,22,16,4,102,1270,1168,0.92,2.36,1,8.2,2591,23,0.575,3,94,6.13,0,2,2,0,15-16
42,Martin Jones\jonesma02,26,SJS,65,65,37,23,4,143,1734,1591,0.918,2.27,6,10.8,3786,36,0.554,9,97,4.64,0,0,0,0,15-16
43,Jason Kasdorf\kasdoja01,23,BUF,1,1,0,1,0,4,30,26,0.867,4,0,0,60,0,0,0,NA,NA,0,0,0,0,15-16
44,Anton Khudobin\khudoan01,29,ANA,9,7,3,3,0,16,175,159,0.909,2.69,1,0.9,356,3,0.429,3,NA,NA,0,0,0,0,15-16
45,Keith Kinkaid\kinkake01,26,NJD,23,20,9,9,1,58,605,547,0.904,2.81,2,2.8,1240,10,0.5,5,113,-6.49,0,0,0,2,15-16
46,Joonas Korpisalo\korpijo01,21,CBJ,31,30,16,11,4,78,969,891,0.92,2.6,0,6.3,1803,16,0.533,1,95,4.5,0,0,0,2,15-16
47,Darcy Kuemper\kuempda01,25,MIN,21,16,6,7,5,43,507,464,0.915,2.43,2,3,1063,8,0.5,2,100,0.17,0,0,0,2,15-16
48,Eddie Lack\lacked01,28,CAR,34,31,12,14,6,90,910,820,0.901,2.81,2,3.9,1920,14,0.452,7,116,-12.52,0,2,2,0,15-16
49,Robin Lehner\lehnero01,24,BUF,21,21,5,9,5,48,634,586,0.924,2.47,1,4.5,1164,13,0.619,3,89,5.98,0,1,1,8,15-16
50,Kari Lehtonen\lehtoka01,32,DAL,43,39,25,10,2,105,1121,1016,0.906,2.76,2,5.5,2279,20,0.513,5,110,-9.56,0,3,3,2,15-16
51,Michael Leighton\leighmi01,34,CHI,1,0,0,0,0,1,17,16,0.941,1.52,0,0.2,39,0,NA,0,NA,NA,0,0,0,0,15-16
52,Anders Lindback\lindban01,27,ARI,19,13,5,7,1,47,443,396,0.894,3.11,0,1.5,906,5,0.385,4,125,-9.28,0,1,1,0,15-16
53,Charlie Lindgren\lindgch01,22,MTL,1,1,1,0,0,2,28,26,0.929,2,0,0.2,60,1,1,0,NA,NA,0,0,0,0,15-16
54,Henrik Lundqvist\lundqhe01,33,NYR,65,64,35,21,7,156,1944,1788,0.92,2.48,4,12.6,3772,39,0.609,6,94,9.52,0,4,4,4,15-16
55,Roberto Luongo\luongro01,36,FLA,62,60,35,19,6,141,1801,1660,0.922,2.35,4,12.1,3602,34,0.567,8,92,12.34,0,2,2,4,15-16
56,Jacob Markstrom\marksja02,26,VAN,33,30,13,14,4,84,988,904,0.915,2.73,0,5.9,1847,17,0.567,4,100,0.12,0,2,2,4,15-16
57,Steve Mason\masonst01,27,PHI,54,53,23,19,10,132,1602,1470,0.918,2.51,4,10,3150,28,0.528,5,97,4.4,0,0,0,2,15-16
58,Curtis McElhinney\mcelhcu01,32,CBJ,18,12,2,7,3,46,417,371,0.89,3.3,0,1.2,835,3,0.25,3,130,-10.5,0,1,1,0,15-16
59,Ryan Miller\millery01,35,VAN,51,51,17,24,9,137,1634,1497,0.916,2.7,1,9.9,3043,25,0.49,2,98,2.12,0,1,1,2,15-16
60,Al Montoya\montoal01,30,FLA,25,22,12,7,3,49,608,559,0.919,2.18,0,3.9,1351,14,0.636,3,95,2.77,0,0,0,2,15-16
61,Petr Mrazek\mrazepe01,23,DET,54,49,27,16,6,115,1448,1333,0.921,2.33,4,9.5,2961,31,0.633,5,93,8.29,0,2,2,2,15-16
62,Matt Murray\murrama02,21,PIT,13,13,9,2,1,25,355,330,0.93,2,1,2.7,749,10,0.769,0,83,5.23,0,0,0,0,15-16
63,Michal Neuvirth\neuvimi01,27,PHI,32,29,18,8,4,69,908,839,0.924,2.27,3,6.4,1825,17,0.586,3,89,8.31,0,1,1,2,15-16
64,Antti Niemi\niemian02,32,DAL,48,43,25,13,7,118,1246,1128,0.905,2.67,3,5.9,2654,19,0.442,8,111,-11.91,0,2,2,2,15-16
65,Anders Nilsson\nilssan01,25,TOT,29,24,10,13,2,78,789,711,0.901,3.12,0,3.4,1500,11,0.458,5,116,-10.82,0,1,1,4,15-16
65,Anders Nilsson\nilssan01,25,EDM,26,24,10,12,2,74,745,671,0.901,3.14,0,3.1,1413,11,0.458,5,117,-10.57,0,1,1,4,15-16
65,Anders Nilsson\nilssan01,25,STL,3,0,0,1,0,4,44,40,0.909,2.75,0,0.2,87,0,NA,0,NA,NA,0,0,0,0,15-16
66,Matt O'Connor\oconnma01,23,OTT,1,1,0,1,0,3,34,31,0.912,3.1,0,0.2,58,0,0,0,NA,NA,0,0,0,0,15-16
67,Joni Ortio\ortiojo01,24,CGY,22,19,7,9,5,55,564,509,0.902,2.76,1,2.5,1196,9,0.474,3,115,-6.98,0,0,0,2,15-16
68,Ondrej Pavelec\pavelon01,28,WPG,33,31,13,13,4,88,918,830,0.904,2.78,1,4.3,1899,14,0.452,6,113,-9.84,0,0,0,0,15-16
69,Calvin Pickard\pickaca01,23,COL,20,13,7,6,1,42,539,497,0.922,2.56,1,3.6,985,8,0.615,1,92,3.89,0,1,1,0,15-16
70,Carey Price\priceca01,28,MTL,12,12,10,2,0,24,365,341,0.934,2.06,2,3,698,8,0.667,1,77,7.08,0,0,0,0,15-16
71,Jonathan Quick\quickjo01,30,LAK,68,68,40,23,5,149,1820,1671,0.918,2.22,5,11.5,4034,38,0.559,9,96,5.96,0,3,3,10,15-16
72,Antti Raanta\raantan01,26,NYR,25,18,11,6,2,43,530,487,0.919,2.24,1,3.4,1145,12,0.667,4,95,2.13,0,0,0,0,15-16
73,Karri Ramo\ramoka01,29,CGY,37,37,17,18,1,94,1034,940,0.909,2.63,1,5.4,2145,20,0.541,4,107,-5.96,0,1,1,0,15-16
74,Tuukka Rask\rasktu01,28,BOS,64,62,31,22,8,157,1854,1697,0.915,2.56,4,11.1,3678,34,0.548,10,99,0.85,0,1,1,0,15-16
75,James Reimer\reimeja01,27,TOT,40,37,17,14,7,88,1128,1040,0.922,2.31,3,7.6,2290,22,0.595,6,92,8.04,0,0,0,0,15-16
75,James Reimer\reimeja01,27,TOR,32,29,11,12,7,75,920,845,0.918,2.49,0,5.8,1809,17,0.586,5,96,3.33,0,0,0,0,15-16
75,James Reimer\reimeja01,27,SJS,8,8,6,2,0,13,208,195,0.938,1.62,3,1.8,481,5,0.625,1,NA,NA,0,0,0,0,15-16
76,Pekka Rinne\rinnepe01,33,NSH,66,66,34,21,10,161,1744,1583,0.908,2.48,4,8.8,3895,32,0.485,11,108,-12.51,0,2,2,6,15-16
77,Juuse Saros\sarosju01,20,NSH,1,1,0,1,0,3,23,20,0.87,3.1,0,0,58,0,0,0,NA,NA,0,0,0,0,15-16
78,Cory Schneider\schneco01,29,NJD,58,58,27,25,6,122,1597,1475,0.924,2.15,4,11.1,3412,40,0.69,7,90,13.97,0,0,0,0,15-16
79,Ben Scrivens\scrivbe01,29,MTL,15,14,5,8,0,42,447,405,0.906,3.07,0,2.2,822,4,0.286,2,110,-3.94,0,0,0,0,15-16
80,Mike Smith\smithmi01,33,ARI,32,32,15,13,2,77,921,844,0.916,2.64,3,5.6,1753,16,0.5,7,98,1.42,0,1,1,2,15-16
81,Garret Sparks\sparkga01,22,TOR,17,17,6,9,1,49,456,407,0.893,3.02,1,1.5,975,6,0.353,4,126,-10.18,0,0,0,0,15-16
82,Alex Stalock\staloal01,28,SJS,13,9,3,5,2,33,285,252,0.884,2.94,0,0.6,674,2,0.222,5,NA,NA,0,1,1,0,15-16
83,Cam Talbot\talboca01,28,EDM,56,53,21,27,5,137,1648,1511,0.917,2.55,3,10.1,3223,26,0.491,4,98,3.31,0,1,1,0,15-16
84,Dustin Tokarski\tokardu01,26,MTL,6,4,1,3,0,12,98,86,0.878,3.18,0,0.1,226,1,0.25,2,NA,NA,0,0,0,0,15-16
85,Niklas Treutle\treutni01,24,ARI,2,1,0,1,0,5,20,15,0.75,6.04,0,-0.3,50,0,0,1,NA,NA,0,0,0,2,15-16
86,Linus Ullmark\ullmali01,22,BUF,20,20,8,10,2,49,565,516,0.913,2.6,0,3.2,1131,12,0.6,4,102,-0.89,0,0,0,0,15-16
87,Semyon Varlamov\varlasi01,27,COL,57,57,27,25,3,148,1714,1566,0.914,2.81,2,9.9,3159,25,0.439,10,101,-2.07,0,0,0,6,15-16
88,Andrei Vasilevskiy\vasilan02,21,TBL,24,21,11,10,0,58,646,588,0.91,2.76,1,3.5,1259,7,0.333,3,105,-3,0,0,0,0,15-16
89,Cam Ward\wardca01,31,CAR,52,51,23,17,10,122,1343,1221,0.909,2.41,1,7,3038,23,0.451,7,107,-7.65,0,0,0,0,15-16
90,Scott Wedgewood\wedgesc01,23,NJD,4,4,2,1,1,5,116,111,0.957,1.25,1,1.3,241,3,0.75,0,NA,NA,0,0,0,0,15-16
91,Roman Will\willro01,23,COL,1,0,0,0,0,1,3,2,0.667,3.25,0,-0.1,18,0,NA,0,NA,NA,0,0,0,0,15-16
92,Jeff Zatkoff\zatkoje01,28,PIT,14,11,4,7,1,34,408,374,0.917,2.79,0,2.5,732,7,0.636,3,98,0.74,0,0,0,0,15-16
1,Jake Allen\allenja01,26,STL,61,60,33,20,5,138,1620,1482,0.915,2.42,4,9.8,3418,33,0.55,11,98,2.2,0,1,1,4,16-17
2,Jorge Alves\alvesjo01,38,CAR,1,0,0,0,0,0,0,0,NA,0,0,0,0,0,NA,0,NA,NA,0,0,0,0,16-17
3,Frederik Andersen\anderfr01,27,TOR,66,66,33,16,14,169,2052,1883,0.918,2.67,4,13.1,3799,38,0.576,11,95,8.58,0,1,1,16,16-17
4,Craig Anderson\andercr01,35,OTT,40,40,25,11,4,92,1247,1155,0.926,2.28,5,9.2,2421,25,0.625,4,85,15.92,0,1,1,0,16-17
5,Richard Bachman\bachmri01,29,VAN,5,5,2,3,0,13,162,149,0.92,2.64,0,1.1,295,2,0.4,0,NA,NA,0,0,0,0,16-17
6,Jonathan Bernier\bernijo01,28,ANA,39,33,21,7,4,83,982,899,0.915,2.5,2,6,1993,19,0.576,4,98,1.98,0,0,0,4,16-17
7,Reto Berra\berrare01,30,FLA,7,4,0,5,0,18,145,127,0.876,3.45,0,0.2,313,0,0,2,NA,NA,0,0,0,0,16-17
8,Jean-Francois Berube\berubje02,25,NYI,14,7,3,2,2,30,271,241,0.889,3.42,0,0.8,527,3,0.429,2,NA,NA,0,0,0,0,16-17
9,Antoine Bibeau\bibeaan01,22,TOR,2,2,1,1,0,4,55,51,0.927,1.99,0,0.4,121,2,1,0,NA,NA,0,0,0,0,16-17
10,Ben Bishop\bishobe01,30,TOT,39,37,18,15,5,94,1040,946,0.91,2.54,1,5.7,2223,19,0.514,6,104,-4,0,0,0,10,16-17
10,Ben Bishop\bishobe01,30,TBL,32,31,16,12,3,77,870,793,0.911,2.55,1,4.9,1813,16,0.516,4,102,-1.71,0,0,0,8,16-17
10,Ben Bishop\bishobe01,30,LAK,7,6,2,3,2,17,170,153,0.9,2.49,0,0.7,410,3,0.5,2,NA,NA,0,0,0,2,16-17
11,Sergei Bobrovsky\bobrose01,28,CBJ,63,63,41,17,5,127,1854,1727,0.931,2.06,7,14.9,3707,41,0.651,5,79,33.45,0,0,0,8,16-17
12,Laurent Brossoit\brossla01,23,EDM,8,4,4,1,0,11,153,142,0.928,1.99,0,1.2,332,2,0.5,0,NA,NA,0,0,0,0,16-17
13,Peter Budaj\budajpe01,34,TOT,60,55,30,21,3,120,1414,1294,0.915,2.18,7,8.6,3308,32,0.582,7,98,2.37,0,1,1,0,16-17
13,Peter Budaj\budajpe01,34,LAK,53,51,27,20,3,107,1286,1179,0.917,2.12,7,8.1,3029,31,0.608,7,96,4.29,0,1,1,0,16-17
13,Peter Budaj\budajpe01,34,TBL,7,4,3,1,0,13,128,115,0.898,2.8,0,0.5,279,1,0.25,0,NA,NA,0,0,0,0,16-17
14,Jack Campbell\campbja01,25,LAK,1,0,0,0,0,0,5,5,1,0,0,0.1,20,0,NA,0,NA,NA,0,0,0,0,16-17
15,Eric Comrie\comrier01,21,WPG,1,1,1,0,0,4,39,35,0.897,4.05,0,0.2,59,0,0,0,NA,NA,0,0,0,0,16-17
16,Mike Condon\condomi01,26,TOT,41,38,19,14,6,96,1122,1026,0.914,2.48,5,6.8,2324,19,0.5,7,99,1.1,0,0,0,4,16-17
16,Mike Condon\condomi01,26,OTT,40,38,19,14,6,96,1115,1019,0.914,2.5,5,6.7,2304,19,0.5,7,99,0.49,0,0,0,4,16-17
16,Mike Condon\condomi01,26,PIT,1,0,0,0,0,0,7,7,1,0,0,0.1,20,0,NA,0,NA,NA,0,0,0,0,16-17
17,Pheonix Copley\copleph01,25,STL,1,1,0,1,0,5,29,24,0.828,5.09,0,-0.1,59,0,0,1,NA,NA,0,0,0,0,16-17
18,Jared Coreau\coreaja01,25,DET,14,14,5,4,3,41,362,321,0.887,3.46,2,1,712,5,0.357,6,131,-9.67,0,0,0,0,16-17
19,Corey Crawford\crawfco01,32,CHI,55,55,32,18,4,138,1691,1553,0.918,2.55,2,11,3247,29,0.527,7,94,8.34,0,1,1,2,16-17
20,Scott Darling\darlisc01,28,CHI,32,27,18,5,5,67,877,810,0.924,2.38,2,6.2,1689,17,0.63,1,88,8.9,0,0,0,0,16-17
21,Aaron Dell\dellaa01,27,SJS,20,17,11,6,1,37,533,496,0.931,2,1,4.2,1111,12,0.706,1,80,9.13,0,0,0,0,16-17
22,Louis Domingue\dominlo01,24,ARI,31,26,11,15,1,82,888,806,0.908,3.08,0,4.6,1599,12,0.462,4,107,-5.15,0,0,0,0,16-17
23,Chris Driedger\driedch01,22,OTT,1,0,0,1,0,4,15,11,0.733,6,0,-0.2,40,0,NA,0,NA,NA,0,0,0,0,16-17
24,Devan Dubnyk\dubnyde01,30,MIN,65,63,40,19,5,141,1842,1701,0.923,2.25,5,13.1,3758,39,0.619,7,88,18.41,0,0,0,10,16-17
25,Brian Elliott\elliobr01,31,CGY,49,45,26,18,3,121,1338,1217,0.91,2.55,2,7.3,2844,26,0.578,4,104,-5.21,0,0,0,4,16-17
26,Jhonas Enroth\enrotjh01,28,TOR,6,4,0,3,1,18,141,123,0.872,3.94,0,0.2,274,0,0,0,NA,NA,0,0,0,0,16-17
27,Marc-Andre Fleury\fleurma01,32,PIT,38,34,18,10,7,107,1181,1074,0.909,3.02,1,6.4,2125,16,0.471,5,105,-4.8,0,0,0,6,16-17
28,Anton Forsberg\forsban01,24,CBJ,1,1,0,1,0,4,27,23,0.852,4.1,0,0,59,0,0,0,NA,NA,0,0,0,0,16-17
29,John Gibson\gibsojo02,23,ANA,52,49,25,16,9,109,1437,1328,0.924,2.22,6,10.3,2950,28,0.571,7,88,15.36,0,1,1,4,16-17
30,Jon Gillies\gillijo01,23,CGY,1,1,1,0,0,1,28,27,0.964,1,0,0.3,60,1,1,0,NA,NA,0,0,0,0,16-17
31,Thomas Greiss\greisth01,31,NYI,51,49,26,18,5,126,1453,1327,0.913,2.69,3,8.6,2813,30,0.612,11,100,-0.26,0,1,1,0,16-17
32,Philipp Grubauer\grubaph01,25,WSH,24,19,13,6,2,43,585,542,0.926,2.04,3,4.4,1265,13,0.684,1,85,7.63,0,0,0,0,16-17
33,Kristers Gudlevskis\gudlekr01,24,TBL,1,0,0,0,0,0,3,3,1,0,0,0,11,0,NA,0,NA,NA,0,0,0,0,16-17
34,Jonas Gustavsson\gustajo01,32,EDM,7,5,1,3,1,17,139,122,0.878,3.1,0,0.2,329,2,0.4,3,NA,NA,0,0,0,0,16-17
35,Jaroslav Halak\halakja01,31,NYI,28,26,12,9,5,75,885,810,0.915,2.8,2,5.4,1605,14,0.538,3,98,1.59,0,1,1,0,16-17
36,Andrew Hammond\hammoan01,28,OTT,6,4,0,2,0,14,86,72,0.837,4.08,0,-0.3,206,1,0.25,3,NA,NA,0,0,0,0,16-17
37,Magnus Hellberg\hellbma01,25,NYR,2,1,1,0,0,2,28,26,0.929,1.53,0,0.2,79,1,1,0,NA,NA,0,0,0,0,16-17
38,Connor Hellebuyck\helleco01,23,WPG,56,53,26,19,4,146,1572,1426,0.907,2.89,4,8.1,3034,25,0.472,9,107,-9.96,0,0,0,0,16-17
39,Braden Holtby\holtbbr01,27,WSH,63,63,42,13,6,127,1690,1563,0.925,2.07,9,12.3,3680,39,0.619,8,87,19.25,0,0,0,0,16-17
40,Jimmy Howard\howarja02,32,DET,26,24,10,11,1,49,675,626,0.927,2.1,1,5.1,1397,16,0.667,4,84,9.42,0,0,0,2,16-17
41,Michael Hutchinson\hutchmi01,26,WPG,28,20,9,12,3,67,690,623,0.903,2.92,1,3.2,1378,8,0.4,1,112,-7.29,0,0,0,0,16-17
42,Carter Hutton\huttoca01,31,STL,30,21,13,8,2,58,663,605,0.913,2.39,4,3.8,1459,11,0.524,3,101,-0.62,0,1,1,4,16-17
43,Tristan Jarry\jarrytr01,21,PIT,1,1,0,1,0,3,25,22,0.88,3.06,0,0,59,0,0,0,NA,NA,0,0,0,0,16-17
44,Chad Johnson\johnsch02,30,CGY,36,36,18,15,1,87,969,882,0.91,2.59,3,5.4,2013,18,0.5,7,104,-3.14,0,0,0,0,16-17
45,Martin Jones\jonesma02,27,SJS,65,65,35,23,6,152,1725,1573,0.912,2.4,2,9.9,3800,39,0.6,8,102,-2.72,0,0,0,0,16-17
46,Anton Khudobin\khudoan01,30,BOS,16,14,7,6,1,39,405,366,0.904,2.64,0,1.9,885,5,0.357,2,111,-3.95,0,1,1,2,16-17
47,Keith Kinkaid\kinkake01,27,NJD,26,23,8,13,3,65,778,713,0.916,2.64,1,4.9,1476,12,0.522,4,97,2.33,0,1,1,0,16-17
48,Joonas Korpisalo\korpijo01,22,CBJ,14,13,7,5,1,38,401,363,0.905,2.88,1,2,791,6,0.462,2,110,-3.3,0,0,0,0,16-17
49,Darcy Kuemper\kuempda01,26,MIN,18,17,8,5,3,55,562,507,0.902,3.13,0,2.6,1053,5,0.294,3,113,-6.36,0,1,1,4,16-17
50,Eddie Lack\lacked01,29,CAR,20,18,8,7,3,48,492,444,0.902,2.64,1,2.3,1090,9,0.5,3,113,-5.42,0,0,0,0,16-17
51,Marek Langhamer\langhma01,22,ARI,1,0,0,0,0,1,8,7,0.875,3.87,0,0,16,0,NA,0,NA,NA,0,0,0,0,16-17
52,Robin Lehner\lehnero01,25,BUF,59,58,23,26,8,152,1910,1758,0.92,2.68,2,12.9,3405,32,0.552,6,92,13.29,0,1,1,6,16-17
53,Kari Lehtonen\lehtoka01,33,DAL,59,52,22,25,7,151,1546,1395,0.902,2.85,3,7.1,3177,27,0.519,12,113,-17.21,0,1,1,4,16-17
54,Michael Leighton\leighmi01,35,CAR,4,3,2,2,0,12,92,80,0.87,3.42,0,0.1,210,1,0.333,1,NA,NA,0,1,1,0,16-17
55,Charlie Lindgren\lindgch01,23,MTL,2,2,2,0,0,3,59,56,0.949,1.48,0,0.6,122,2,1,0,NA,NA,0,0,0,0,16-17
56,Henrik Lundqvist\lundqhe01,34,NYR,57,55,31,20,4,148,1650,1502,0.91,2.74,2,9.1,3240,32,0.582,8,104,-5.21,0,1,1,0,16-17
57,Roberto Luongo\luongro01,37,FLA,40,39,17,15,6,104,1217,1113,0.915,2.68,1,7.4,2327,21,0.538,1,99,1.32,0,1,1,4,16-17
58,Jacob Markstrom\marksja02,27,VAN,26,23,10,11,3,62,692,630,0.91,2.63,0,3.8,1417,12,0.522,2,104,-2.11,0,0,0,2,16-17
59,Spencer Martin\martisp01,21,COL,3,3,0,2,1,13,96,83,0.865,4.35,0,0,179,0,0,1,NA,NA,0,0,0,0,16-17
60,Steve Mason\masonst01,28,PHI,58,54,26,21,8,143,1556,1413,0.908,2.66,3,8.2,3225,26,0.481,11,106,-8.34,0,1,1,0,16-17
61,Marek Mazanec\mazanma01,25,NSH,4,2,0,2,0,14,87,73,0.839,4.73,0,-0.2,178,0,0,2,NA,NA,0,1,1,0,16-17
62,Curtis McElhinney\mcelhcu01,33,TOT,21,15,8,8,2,51,616,565,0.917,2.7,1,3.9,1135,9,0.6,0,96,2.31,0,0,0,0,16-17
62,Curtis McElhinney\mcelhcu01,33,TOR,14,10,6,7,0,36,418,382,0.914,2.85,1,2.5,759,6,0.6,0,100,0.17,0,0,0,0,16-17
62,Curtis McElhinney\mcelhcu01,33,CBJ,7,5,2,1,2,15,198,183,0.924,2.39,0,1.4,376,3,0.6,0,NA,NA,0,0,0,0,16-17
63,Zane McIntyre\mcintza01,24,BOS,8,3,0,4,1,22,155,133,0.858,3.97,0,-0.1,333,0,0,1,NA,NA,0,0,0,0,16-17
64,Ryan Miller\millery01,36,VAN,54,54,18,29,6,150,1737,1587,0.914,2.8,3,10.3,3212,26,0.481,7,100,0.32,0,1,1,22,16-17
65,Al Montoya\montoal01,31,MTL,19,18,8,6,4,50,569,519,0.912,2.67,2,3.3,1125,12,0.667,2,102,-0.76,0,2,2,2,16-17
66,Petr Mrazek\mrazepe01,24,DET,50,44,18,21,9,145,1462,1317,0.901,3.04,1,6.5,2858,19,0.432,9,115,-18.48,0,0,0,2,16-17
67,Matt Murray\murrama02,22,PIT,49,47,32,10,4,111,1450,1339,0.923,2.41,4,10.3,2766,26,0.553,4,88,14.48,0,2,2,0,16-17
68,Alex Nedeljkovic\nedelal01,21,CAR,1,0,0,0,0,0,17,17,1,0,0,0.3,30,0,NA,0,NA,NA,0,0,0,2,16-17
69,Michal Neuvirth\neuvimi01,28,PHI,28,24,11,11,1,64,586,522,0.891,2.82,0,1.9,1364,10,0.417,4,126,-13.29,0,0,0,2,16-17
70,Antti Niemi\niemian02,33,DAL,37,30,12,12,4,95,880,785,0.892,3.3,0,3,1729,14,0.467,7,125,-18.84,0,0,0,0,16-17
71,Anders Nilsson\nilssan01,26,BUF,26,23,10,10,4,66,857,791,0.923,2.67,1,6,1484,11,0.478,2,89,8.17,0,0,0,0,16-17
72,Ondrej Pavelec\pavelon01,29,WPG,8,8,4,4,0,26,233,207,0.888,3.55,0,0.7,440,2,0.25,2,NA,NA,0,0,0,0,16-17
73,Justin Peters\peterju01,30,ARI,3,1,0,1,0,7,70,63,0.9,3.16,0,0.3,133,0,0,0,NA,NA,0,0,0,0,16-17
74,Calvin Pickard\pickaca01,24,COL,50,48,15,31,2,140,1461,1321,0.904,2.98,2,7.1,2820,21,0.438,11,111,-13.56,0,2,2,2,16-17
75,Carey Price\priceca01,29,MTL,62,62,37,20,5,138,1794,1656,0.923,2.23,3,12.6,3708,38,0.613,8,89,17.25,0,1,1,4,16-17
76,Jonathan Quick\quickjo01,31,LAK,17,17,8,5,2,35,421,386,0.917,2.26,2,2.7,931,11,0.647,2,96,1.43,0,0,0,2,16-17
77,Antti Raanta\raantan01,27,NYR,30,26,16,8,2,61,782,721,0.922,2.26,4,5.4,1617,18,0.692,1,90,6.67,0,1,1,0,16-17
78,Tuukka Rask\rasktu01,29,BOS,65,63,37,20,5,137,1610,1473,0.915,2.23,8,9.8,3680,31,0.492,14,98,2.33,0,2,2,0,16-17
79,James Reimer\reimeja01,28,FLA,43,39,18,16,5,98,1222,1124,0.92,2.53,3,8.1,2325,19,0.487,4,93,7.75,0,0,0,2,16-17
80,Pekka Rinne\rinnepe01,34,NSH,61,61,31,19,9,144,1757,1613,0.918,2.42,3,11.3,3568,34,0.557,7,95,8.05,0,0,0,4,16-17
81,David Rittich\rittida01,24,CGY,1,0,0,0,0,1,10,9,0.9,3,0,0,20,0,NA,0,NA,NA,0,0,0,0,16-17
82,Juuse Saros\sarosju01,21,NSH,21,19,10,8,3,47,614,567,0.923,2.35,1,4.4,1200,13,0.684,1,88,6.14,0,1,1,0,16-17
83,Cory Schneider\schneco01,30,NJD,60,59,20,27,11,163,1781,1618,0.908,2.82,2,9.5,3473,27,0.458,7,106,-8.87,0,0,0,0,16-17
84,Jeremy Smith\smithje02,27,COL,10,8,1,6,1,32,286,254,0.888,3.54,0,0.8,543,3,0.375,3,NA,NA,0,0,0,0,16-17
85,Mike Smith\smithmi01,34,ARI,55,55,19,26,9,156,1819,1663,0.914,2.92,3,10.9,3202,27,0.491,7,99,1.42,0,0,0,14,16-17
86,Alex Stalock\staloal01,29,MIN,2,2,1,1,0,3,54,51,0.944,1.51,0,0.5,119,2,1,0,NA,NA,0,0,0,0,16-17
87,Anthony Stolarz\stolaan01,23,PHI,7,4,2,1,1,13,181,168,0.928,2.07,1,1.4,376,2,0.5,1,NA,NA,0,0,0,0,16-17
88,Malcolm Subban\subbama01,23,BOS,1,1,0,1,0,3,16,13,0.813,5.88,0,-0.1,31,0,0,1,NA,NA,0,0,0,0,16-17
89,Cam Talbot\talboca01,29,EDM,73,73,42,22,8,171,2117,1946,0.919,2.39,7,14,4294,43,0.589,10,93,12.21,0,0,0,4,16-17
90,Dustin Tokarski\tokardu01,27,ANA,1,0,0,0,0,0,5,5,1,0,0,0.1,10,0,NA,0,NA,NA,0,0,0,0,16-17
91,Linus Ullmark\ullmali01,23,BUF,1,1,0,1,0,3,36,33,0.917,3.06,0,0.2,59,1,1,0,NA,NA,0,0,0,0,16-17
92,Semyon Varlamov\varlasi01,28,COL,24,23,6,17,0,76,745,669,0.898,3.38,1,3.1,1348,11,0.478,5,118,-11.53,0,1,1,0,16-17
93,Andrei Vasilevskiy\vasilan02,22,TBL,50,47,23,17,7,123,1480,1357,0.917,2.61,2,9.3,2831,25,0.532,5,96,5.08,0,2,2,2,16-17
94,Cam Ward\wardca01,32,CAR,61,61,26,22,12,162,1711,1549,0.905,2.69,2,8.5,3618,30,0.492,9,109,-13.93,0,1,1,6,16-17
95,Jeff Zatkoff\zatkoje01,29,LAK,13,8,2,7,1,27,223,196,0.879,2.94,0,0.4,550,2,0.25,4,NA,NA,0,0,0,0,16-17
1,Jake Allen\allenja01,27,STL,59,56,27,25,3,152,1614,1462,0.906,2.75,1,7.9,3317,27,0.482,8,107,-10.34,0,1,1,0,17-18
2,Frederik Andersen\anderfr01,28,TOR,66,66,38,21,5,182,2211,2029,0.918,2.81,5,13.6,3889,37,0.561,8,94,12.06,0,1,1,2,17-18
3,Craig Anderson\andercr01,36,OTT,58,55,23,25,6,180,1768,1588,0.898,3.32,2,7.2,3251,25,0.455,11,116,-24.83,0,0,0,2,17-18
4,Ken Appleby\appleke01,22,NJD,3,1,0,1,0,3,55,52,0.945,1.45,0,0.5,124,0,0,0,NA,NA,0,0,0,0,17-18
5,Jonathan Bernier\bernijo01,29,COL,37,34,19,13,3,95,1092,997,0.913,2.85,2,6.2,2001,18,0.529,5,99,0.84,0,1,1,0,17-18
6,Reto Berra\berrare01,31,ANA,5,1,1,1,0,7,95,88,0.926,2.31,0,0.7,182,1,1,0,NA,NA,0,0,0,0,17-18
7,Jean-Francois Berube\berubje02,26,CHI,13,10,3,6,1,42,398,356,0.894,3.78,0,1.4,667,3,0.3,3,120,-7.07,0,0,0,0,17-18
8,Ben Bishop\bishobe01,31,DAL,53,51,26,17,5,120,1437,1317,0.916,2.49,5,8.7,2887,27,0.529,8,95,6.12,0,1,1,4,17-18
9,Sergei Bobrovsky\bobrose01,29,CBJ,65,65,37,22,6,158,1993,1835,0.921,2.42,5,12.9,3912,38,0.585,10,90,16.92,0,3,3,0,17-18
10,Laurent Brossoit\brossla01,24,EDM,14,10,3,7,1,40,343,303,0.883,3.24,0,0.8,740,5,0.5,2,133,-9.9,0,1,1,0,17-18
11,Peter Budaj\budajpe01,35,TBL,8,7,3,3,1,27,217,190,0.876,3.76,0,0.3,430,2,0.286,1,NA,NA,0,0,0,0,17-18
12,Jack Campbell\campbja01,26,LAK,5,4,2,0,2,11,145,134,0.924,2.48,0,1,267,2,0.5,0,NA,NA,0,0,0,0,17-18
13,Eric Comrie\comrier01,22,WPG,3,3,1,2,0,12,94,82,0.872,3.99,0,0.1,180,1,0.333,0,NA,NA,0,0,0,0,17-18
14,Mike Condon\condomi01,27,OTT,31,26,5,17,5,88,898,810,0.902,3.25,0,4,1626,13,0.5,6,112,-9.18,0,2,2,0,17-18
15,Jared Coreau\coreaja01,26,DET,7,7,0,5,1,27,203,176,0.867,4.26,0,0.1,380,1,0.143,2,NA,NA,0,0,0,0,17-18
16,Corey Crawford\crawfco01,33,CHI,28,27,16,9,2,60,842,782,0.929,2.27,2,6.2,1584,17,0.63,3,81,13.9,0,0,0,0,17-18
17,Oscar Dansk\danskos01,23,VEG,4,3,3,0,0,5,93,88,0.946,1.78,1,0.9,169,3,1,0,NA,NA,0,0,0,0,17-18
18,Scott Darling\darlisc01,29,CAR,43,40,13,21,7,131,1171,1040,0.888,3.18,0,3.5,2475,14,0.35,7,127,-28.22,0,0,0,2,17-18
19,Collin Delia\deliaco01,23,CHI,2,2,1,1,0,7,63,56,0.889,3.96,0,0.2,106,1,0.5,0,NA,NA,0,0,0,2,17-18
20,Aaron Dell\dellaa01,28,SJS,29,22,15,5,4,67,775,708,0.914,2.64,2,4.4,1522,11,0.5,4,98,1.02,0,1,1,0,17-18
21,Thatcher Demko\demkoth01,22,VAN,1,1,1,0,0,4,30,26,0.867,3.91,0,0,61,0,0,0,NA,NA,0,0,0,0,17-18
22,Casey DeSmith\desmica01,26,PIT,14,11,6,4,1,28,356,328,0.921,2.4,1,2.3,700,7,0.636,1,90,3.25,0,0,0,2,17-18
23,Louis Domingue\dominlo01,25,TOT,19,16,7,9,1,61,578,517,0.894,3.41,0,2.1,1074,6,0.375,3,120,-10.27,0,0,0,2,17-18
23,Louis Domingue\dominlo01,25,TBL,12,11,7,3,1,33,384,351,0.914,2.89,0,2.2,686,6,0.545,0,98,0.7,0,0,0,2,17-18
23,Louis Domingue\dominlo01,25,ARI,7,5,0,6,0,28,194,166,0.856,4.33,0,-0.1,388,0,0,3,NA,NA,0,0,0,0,17-18
24,Devan Dubnyk\dubnyde01,31,MIN,60,59,35,16,7,145,1769,1624,0.918,2.52,5,11,3450,36,0.61,8,93,10.26,0,3,3,12,17-18
25,Brian Elliott\elliobr01,32,PHI,43,42,23,11,7,112,1228,1116,0.909,2.66,1,6.4,2522,20,0.476,6,104,-4.22,0,1,1,2,17-18
26,Dylan Ferguson\fergudy01,19,VEG,1,0,0,0,0,1,2,1,0.5,6.5,0,-0.1,9,0,NA,0,NA,NA,0,0,0,0,17-18
27,Marc-Andre Fleury\fleurma01,33,VEG,46,46,29,13,4,100,1376,1276,0.927,2.24,4,9.9,2673,31,0.674,4,83,20.77,0,1,1,6,17-18
28,Anton Forsberg\forsban01,25,CHI,35,30,10,16,4,85,921,836,0.908,2.97,0,4.7,1715,14,0.467,7,105,-4.17,0,1,1,0,17-18
29,Scott Foster\fostesc01,36,CHI,1,0,0,0,0,0,7,7,1,0,0,0.1,14,0,NA,0,NA,NA,0,0,0,0,17-18
30,Alexandar Georgiev\georgal01,21,NYR,10,9,4,4,1,27,331,304,0.918,3.15,0,2.1,515,5,0.556,1,93,2.05,0,0,0,0,17-18
31,Christopher Gibson\gibsoch01,25,NYI,8,8,2,3,2,26,284,258,0.908,3.65,0,1.5,427,5,0.625,3,NA,NA,0,0,0,0,17-18
32,John Gibson\gibsojo02,24,ANA,60,60,31,18,7,139,1872,1733,0.926,2.43,4,13.2,3428,39,0.65,4,85,25.3,0,1,1,16,17-18
33,Jon Gillies\gillijo01,24,CGY,11,9,3,5,1,29,280,251,0.896,2.88,0,1.1,605,5,0.556,2,NA,NA,0,0,0,2,17-18
34,Jeff Glass\glassje01,32,CHI,15,13,3,7,3,46,452,406,0.898,3.36,0,1.8,821,5,0.385,2,116,-6.33,0,0,0,2,17-18
35,Thomas Greiss\greisth01,32,NYI,27,25,13,8,2,95,879,784,0.892,3.82,1,3,1492,9,0.36,7,123,-17.85,0,0,0,0,17-18
36,Philipp Grubauer\grubaph01,26,WSH,35,28,15,10,3,73,953,880,0.923,2.35,3,6.5,1865,19,0.679,3,87,10.64,0,1,1,0,17-18
37,Jaroslav Halak\halakja01,32,NYI,54,49,20,26,6,161,1744,1583,0.908,3.19,1,8.9,3024,22,0.449,8,105,-7.93,0,0,0,4,17-18
38,Brandon Halverson\halvebr01,21,NYR,1,0,0,0,0,1,6,5,0.833,4.78,0,0,13,0,NA,0,NA,NA,0,0,0,0,17-18
39,Andrew Hammond\hammoan01,29,COL,1,1,0,1,0,2,33,31,0.939,2.06,0,0.3,58,1,1,0,NA,NA,0,0,0,0,17-18
40,Connor Hellebuyck\helleco01,24,WPG,67,64,44,11,9,156,2048,1892,0.924,2.36,6,14,3966,39,0.609,6,87,23.75,0,2,2,0,17-18
41,Adin Hill\hillad01,21,ARI,4,4,1,3,0,14,129,115,0.891,3.49,0,0.4,241,2,0.5,1,NA,NA,0,0,0,0,17-18
42,Braden Holtby\holtbbr01,28,WSH,54,54,34,16,4,153,1648,1495,0.907,2.99,0,8.3,3068,30,0.556,9,106,-8.36,0,0,0,2,17-18
43,Jimmy Howard\howarja02,33,DET,60,57,22,27,9,160,1770,1610,0.91,2.85,1,9.4,3368,28,0.491,6,103,-4.65,0,1,1,10,17-18
44,Michael Hutchinson\hutchmi01,27,WPG,3,3,2,1,0,7,75,68,0.907,3.26,0,0.4,129,2,0.667,1,NA,NA,0,1,1,0,17-18
45,Carter Hutton\huttoca01,32,STL,32,26,17,7,3,56,810,754,0.931,2.09,3,6.2,1610,19,0.731,2,79,15.09,0,0,0,2,17-18
46,Tristan Jarry\jarrytr01,22,PIT,26,23,14,6,2,63,687,624,0.908,2.77,2,3.5,1364,14,0.609,4,104,-2.7,0,2,2,4,17-18
47,Chad Johnson\johnsch02,31,BUF,36,29,10,16,3,105,962,857,0.891,3.55,0,3.1,1774,12,0.414,6,124,-20.57,0,0,0,0,17-18
48,Martin Jones\jonesma02,28,SJS,60,60,30,22,6,145,1699,1554,0.915,2.55,4,9.9,3416,36,0.6,9,97,4.12,0,0,0,2,17-18
49,Anton Khudobin\khudoan01,31,BOS,31,29,16,6,7,76,876,800,0.913,2.56,1,5,1781,16,0.552,4,99,0.89,0,2,2,2,17-18
50,Keith Kinkaid\kinkake01,28,NJD,41,38,26,10,3,106,1214,1108,0.913,2.77,1,6.8,2298,19,0.5,4,99,0.55,0,2,2,2,17-18
51,Joonas Korpisalo\korpijo01,23,CBJ,18,17,8,8,1,58,564,506,0.897,3.32,0,2.2,1049,7,0.412,3,117,-8.5,0,0,0,0,17-18
52,Darcy Kuemper\kuempda01,27,TOT,29,25,12,7,5,67,833,766,0.92,2.52,4,5.3,1596,12,0.48,3,92,6.11,0,1,1,0,17-18
52,Darcy Kuemper\kuempda01,27,LAK,19,15,10,1,3,35,516,481,0.932,2.1,3,4,999,9,0.6,1,77,10.29,0,1,1,0,17-18
52,Darcy Kuemper\kuempda01,27,ARI,10,10,2,6,2,32,317,285,0.899,3.22,1,1.3,597,3,0.3,2,NA,NA,0,0,0,0,17-18
53,Eddie Lack\lacked01,30,TOT,8,5,2,4,0,23,177,154,0.87,4.02,0,0.2,343,1,0.2,2,NA,NA,0,0,0,0,17-18
53,Eddie Lack\lacked01,30,NJD,4,3,1,2,0,11,113,102,0.903,3.18,0,0.5,207,1,0.333,1,NA,NA,0,0,0,0,17-18
53,Eddie Lack\lacked01,30,CGY,4,2,1,2,0,12,64,52,0.813,5.29,0,-0.3,136,0,0,1,NA,NA,0,0,0,0,17-18
54,Maxime Lagace\lagacma01,25,VEG,16,14,6,7,1,57,430,373,0.867,3.92,0,0.3,874,5,0.357,3,151,-19.26,0,0,0,0,17-18
55,Marek Langhamer\langhma01,23,ARI,1,0,0,0,0,0,10,10,1,0,0,0.2,29,0,NA,0,NA,NA,0,0,0,0,17-18
56,Robin Lehner\lehnero01,26,BUF,53,50,14,26,9,143,1560,1417,0.908,3.01,3,8,2852,24,0.48,8,104,-6.08,0,0,0,2,17-18
57,Kari Lehtonen\lehtoka01,34,DAL,37,30,15,14,3,83,946,863,0.912,2.56,1,5.3,1944,19,0.633,7,100,0.03,0,0,0,4,17-18
58,Charlie Lindgren\lindgch01,24,MTL,14,14,4,8,2,42,457,415,0.908,3.03,2,2.3,833,9,0.643,5,105,-1.89,0,0,0,2,17-18
59,Henrik Lundqvist\lundqhe01,35,NYR,63,61,26,26,7,174,2036,1862,0.915,2.98,2,11.9,3503,32,0.525,9,97,4.7,0,1,1,0,17-18
60,Roberto Luongo\luongro01,38,FLA,35,33,18,11,2,81,1143,1062,0.929,2.47,3,8.5,1966,22,0.667,3,81,19.32,0,2,2,0,17-18
61,Alex Lyon\lyonal01,25,PHI,11,7,4,2,1,22,232,210,0.905,2.75,0,1.1,480,3,0.429,2,NA,NA,0,0,0,0,17-18
62,Jacob Markstrom\marksja02,28,VAN,60,57,23,26,7,154,1745,1591,0.912,2.71,2,9.6,3414,29,0.509,8,101,-0.84,0,3,3,4,17-18
63,Steve Mason\masonst01,29,WPG,13,12,5,6,1,37,392,355,0.906,3.24,1,1.9,685,5,0.417,3,108,-2.59,0,1,1,0,17-18
64,Curtis McElhinney\mcelhcu01,34,TOR,18,15,11,5,1,35,528,493,0.934,2.14,3,4.2,979,8,0.533,1,76,11.34,0,1,1,0,17-18
65,Mike McKenna\mckenmi01,34,DAL,2,1,1,1,0,5,50,45,0.9,2.96,0,0.2,101,0,0,1,NA,NA,0,0,0,0,17-18
66,Ryan Miller\millery01,37,ANA,28,21,12,6,6,53,739,686,0.928,2.35,4,5.4,1353,13,0.619,3,82,11.86,0,0,0,0,17-18
67,Al Montoya\montoal01,32,TOT,13,8,4,3,2,37,346,309,0.893,3.21,0,1.2,692,1,0.125,2,122,-6.63,0,2,2,0,17-18
67,Al Montoya\montoal01,32,EDM,9,5,2,2,2,23,244,221,0.906,2.94,0,1.2,469,1,0.2,1,NA,NA,0,1,1,0,17-18
67,Al Montoya\montoal01,32,MTL,4,3,2,1,0,14,102,88,0.863,3.77,0,0,223,0,0,1,NA,NA,0,1,1,0,17-18
68,Petr Mrazek\mrazepe01,25,TOT,39,33,14,13,6,106,1080,974,0.902,3.03,4,4.8,2097,11,0.333,8,112,-11.21,0,0,0,0,17-18
68,Petr Mrazek\mrazepe01,25,DET,22,18,8,7,3,57,630,573,0.91,2.89,3,3.3,1184,7,0.389,4,103,-1.71,0,0,0,0,17-18
68,Petr Mrazek\mrazepe01,25,PHI,17,15,6,6,3,49,450,401,0.891,3.22,1,1.5,913,4,0.267,4,124,-9.5,0,0,0,0,17-18
69,Matt Murray\murrama02,23,PIT,49,45,27,16,3,133,1423,1290,0.907,2.92,1,7,2733,19,0.422,6,106,-8.11,0,1,1,2,17-18
70,Michal Neuvirth\neuvimi01,29,PHI,22,18,9,7,3,45,530,485,0.915,2.6,1,3.1,1039,10,0.556,5,97,1.52,0,1,1,0,17-18
71,Antti Niemi\niemian02,34,TOT,24,20,7,9,4,63,710,647,0.911,3.12,1,3.9,1213,12,0.6,4,101,-0.68,0,1,1,0,17-18
71,Antti Niemi\niemian02,34,MTL,19,17,7,5,4,42,592,550,0.929,2.46,1,4.4,1026,12,0.706,2,81,9.96,0,0,0,0,17-18
71,Antti Niemi\niemian02,34,PIT,3,3,0,3,0,16,79,63,0.797,7.49,0,-0.5,128,0,0,2,NA,NA,0,1,1,0,17-18
71,Antti Niemi\niemian02,34,FLA,2,0,0,1,0,5,39,34,0.872,5.11,0,0,59,0,NA,0,NA,NA,0,0,0,0,17-18
72,Anders Nilsson\nilssan01,27,VAN,27,24,7,14,4,84,850,766,0.901,3.44,2,3.7,1464,8,0.333,5,113,-9.4,0,1,1,0,17-18
73,Ondrej Pavelec\pavelon01,30,NYR,19,12,4,9,1,46,510,464,0.91,3.05,1,2.7,904,5,0.417,3,103,-1.24,0,0,0,2,17-18
74,Calvin Pickard\pickaca01,25,TOR,1,1,0,0,1,4,28,24,0.857,3.83,0,0,63,0,0,0,NA,NA,0,0,0,0,17-18
75,Carey Price\priceca01,30,MTL,49,48,16,26,7,148,1487,1339,0.9,3.11,1,6.4,2855,21,0.438,10,113,-17.49,0,0,0,0,17-18
76,Jonathan Quick\quickjo01,32,LAK,64,63,33,28,3,147,1867,1720,0.921,2.4,5,12.2,3677,37,0.587,7,90,16.86,0,4,4,10,17-18
77,Antti Raanta\raantan01,28,ARI,47,46,21,17,6,97,1388,1291,0.93,2.24,3,10.4,2599,32,0.696,6,80,24.82,0,0,0,0,17-18
78,Tuukka Rask\rasktu01,30,BOS,54,53,34,14,5,125,1513,1388,0.917,2.36,3,9.3,3173,30,0.566,6,94,7.79,0,2,2,4,17-18
79,James Reimer\reimeja01,29,FLA,44,42,22,14,6,120,1373,1253,0.913,2.99,4,7.7,2411,22,0.524,8,100,0.51,0,1,1,4,17-18
80,Pekka Rinne\rinnepe01,35,NSH,59,59,42,13,4,134,1840,1706,0.927,2.31,8,13.2,3475,40,0.678,5,83,27.49,0,1,1,6,17-18
81,David Rittich\rittida01,25,CGY,21,16,8,6,3,49,512,463,0.904,2.92,0,2.4,1008,10,0.625,3,109,-4.06,0,0,0,14,17-18
82,Juuse Saros\sarosju01,22,NSH,26,23,11,5,7,61,810,749,0.925,2.45,3,5.6,1497,14,0.609,2,86,10.09,0,3,3,0,17-18
83,Harri Sateri\saterha01,28,FLA,9,7,4,4,0,24,271,247,0.911,2.92,0,1.5,493,5,0.714,0,NA,NA,0,0,0,0,17-18
84,Cory Schneider\schneco01,31,NJD,40,40,17,16,6,114,1228,1114,0.907,2.93,1,6.2,2332,19,0.475,7,106,-6.22,0,0,0,0,17-18
85,Mike Smith\smithmi01,35,CGY,55,55,25,22,6,141,1686,1545,0.916,2.65,3,10.2,3191,32,0.582,9,95,6.98,0,2,2,8,17-18
86,Alex Stalock\staloal01,30,MIN,28,23,10,10,4,71,787,716,0.91,2.85,1,4.2,1495,13,0.565,3,103,-1.93,0,0,0,0,17-18
87,Malcolm Subban\subbama01,24,VEG,22,19,13,4,2,55,614,559,0.91,2.68,0,3.3,1230,8,0.421,2,102,-1.11,0,0,0,2,17-18
88,Cam Talbot\talboca01,30,EDM,67,67,31,31,3,188,2036,1848,0.908,3.02,1,10.3,3730,32,0.478,11,105,-9.3,0,1,1,8,17-18
89,Daniel Taylor\tayloda02,31,OTT,1,1,0,1,0,4,34,30,0.882,4.1,0,0.1,58,0,0,0,NA,NA,0,0,0,0,17-18
90,Linus Ullmark\ullmali01,24,BUF,5,3,1,2,0,8,123,115,0.935,2,0,1,240,2,0.667,0,NA,NA,0,0,0,0,17-18
91,Semyon Varlamov\varlasi01,29,COL,51,47,24,16,6,128,1595,1467,0.92,2.68,2,10.2,2861,28,0.596,5,91,11.99,0,0,0,2,17-18
92,Andrei Vasilevskiy\vasilan02,23,TBL,65,64,44,17,3,167,2075,1908,0.92,2.62,8,13.2,3825,36,0.563,8,92,15.12,0,2,2,14,17-18
93,Cam Ward\wardca01,33,CAR,43,42,23,14,4,112,1187,1075,0.906,2.73,2,5.8,2459,21,0.5,10,108,-7.82,0,0,0,14,17-18
94,Scott Wedgewood\wedgesc01,25,ARI,20,17,5,9,4,63,587,524,0.893,3.45,1,2,1097,7,0.412,4,122,-11.48,0,0,0,2,17-18
95,Adam Wilcox\wilcoad01,25,BUF,1,0,0,1,0,0,14,14,1,0,0,0.2,39,0,NA,0,NA,NA,0,0,0,0,17-18
1,Jake Allen\allenja01,28,STL,46,45,19,17,8,121,1277,1156,0.905,2.83,3,6.5,2568,25,0.556,11,105,-5.9,0,0,0,0,18-19
2,Frederik Andersen\anderfr01,29,TOR,60,60,36,16,7,162,1958,1796,0.917,2.77,1,12.5,3510,38,0.633,7,92,14.48,0,1,1,2,18-19
3,Craig Anderson\andercr01,37,OTT,50,47,17,27,4,163,1676,1513,0.903,3.51,2,8.1,2785,19,0.404,8,108,-11.94,0,2,2,0,18-19
4,Richard Bachman\bachmri01,31,VAN,1,1,0,1,0,6,29,23,0.793,6,0,-0.2,60,0,0,1,NA,NA,0,0,0,0,18-19
5,Jonathan Bernier\bernijo01,30,DET,35,30,9,18,5,98,1025,927,0.904,3.16,1,5.1,1860,13,0.433,5,106,-5.61,0,0,0,0,18-19
6,Jordan Binnington\binnijo01,25,STL,32,30,24,5,1,59,807,748,0.927,1.89,5,6,1876,20,0.667,1,81,13.74,0,0,0,0,18-19
7,Ben Bishop\bishobe01,32,DAL,46,45,27,15,2,87,1323,1236,0.934,1.98,7,10.8,2637,31,0.689,1,73,32.24,0,2,2,2,18-19
8,MacKenzie Blackwood\blackma01,22,NJD,23,21,10,10,0,55,669,614,0.918,2.61,2,4.3,1264,14,0.667,4,91,5.3,0,0,0,0,18-19
9,Sergei Bobrovsky\bobrose01,30,CBJ,62,61,37,24,1,153,1756,1603,0.913,2.58,9,10.4,3557,31,0.508,13,97,5.27,0,0,0,2,18-19
10,Landon Bow\bowla01,23,DAL,2,0,0,0,0,1,19,18,0.947,1.03,0,0.2,58,0,NA,0,NA,NA,0,0,0,0,18-19
11,Kevin Boyle\boyleke01,26,ANA,5,4,1,3,0,10,139,129,0.928,2.17,1,1,277,2,0.5,0,NA,NA,0,0,0,0,18-19
12,Laurent Brossoit\brossla01,25,WPG,21,19,13,6,2,49,652,603,0.925,2.52,1,4.7,1165,12,0.632,2,83,9.77,0,0,0,0,18-19
13,Peter Budaj\budajpe01,36,LAK,3,1,0,1,0,6,33,27,0.818,5.02,0,-0.1,72,0,0,1,NA,NA,0,0,0,0,18-19
14,Jack Campbell\campbja01,27,LAK,31,25,10,14,1,61,845,784,0.928,2.3,2,6.3,1593,16,0.64,3,80,15.16,0,1,1,0,18-19
15,Eric Comrie\comrier01,23,WPG,1,1,0,1,0,5,28,23,0.821,5.01,0,-0.1,60,0,0,1,NA,NA,0,0,0,0,18-19
16,Mike Condon\condomi01,28,OTT,2,2,0,2,0,8,40,32,0.8,6.38,0,-0.2,75,0,0,2,NA,NA,0,0,0,0,18-19
17,Pheonix Copley\copleph01,27,WSH,27,24,16,7,3,74,776,702,0.905,2.9,1,3.9,1529,14,0.583,4,106,-4.06,0,1,1,0,18-19
18,Corey Crawford\crawfco01,34,CHI,39,39,14,18,5,108,1176,1068,0.908,2.93,2,6.3,2213,17,0.436,5,102,-2,0,4,4,0,18-19
19,Joey Daccord\daccojo01,22,OTT,1,1,0,1,0,5,40,35,0.875,5,0,0.1,60,0,0,0,NA,NA,0,0,0,0,18-19
20,Scott Darling\darlisc01,30,CAR,8,8,2,4,2,27,233,206,0.884,3.34,0,0.7,486,2,0.25,3,NA,NA,0,0,0,0,18-19
21,Collin Delia\deliaco01,24,CHI,16,14,6,4,3,50,545,495,0.908,3.61,0,2.9,831,6,0.429,2,102,-0.88,0,0,0,0,18-19
22,Aaron Dell\dellaa01,29,SJS,25,20,10,8,4,70,613,543,0.886,3.17,2,1.9,1323,6,0.3,6,127,-14.75,0,0,0,0,18-19
23,Thatcher Demko\demkoth01,23,VAN,9,8,4,3,1,25,288,263,0.913,2.81,0,1.7,534,6,0.75,2,NA,NA,0,1,1,0,18-19
24,Casey DeSmith\desmica01,27,PIT,36,30,15,11,5,89,1060,971,0.916,2.75,3,6.6,1944,18,0.6,2,93,6.54,0,0,0,2,18-19
25,Michael Dipietro\dipiemi01,19,VAN,1,1,0,1,0,7,24,17,0.708,7,0,-0.4,60,0,0,1,NA,NA,0,0,0,0,18-19
26,Louis Domingue\dominlo01,26,TBL,26,26,21,5,0,75,812,737,0.908,2.88,0,4.3,1561,14,0.538,2,102,-1.81,0,1,1,4,18-19
27,Devan Dubnyk\dubnyde01,32,MIN,67,66,31,28,6,163,1877,1714,0.913,2.54,2,11.1,3855,38,0.576,13,96,6.18,0,2,2,2,18-19
28,Brian Elliott\elliobr01,33,PHI,26,23,11,11,1,69,741,672,0.907,2.96,1,3.9,1397,12,0.522,4,103,-2.21,0,1,1,2,18-19
29,Marc-Andre Fleury\fleurma01,34,VEG,61,61,35,21,5,152,1745,1593,0.913,2.51,8,10.3,3635,34,0.557,7,97,5.28,0,2,2,4,18-19
30,Pavel Francouz\francpa01,28,COL,2,0,0,2,0,2,35,33,0.943,1.96,0,0.3,61,0,NA,0,NA,NA,0,0,0,0,18-19
31,Kaden Fulcher\fulchka01,20,DET,1,0,0,0,0,2,11,9,0.818,4.41,0,0,27,0,NA,0,NA,NA,0,0,0,0,18-19
32,Alexandar Georgiev\georgal01,22,NYR,33,30,14,13,4,91,1057,966,0.914,2.91,2,6.3,1874,15,0.5,3,96,4.27,0,2,2,2,18-19
33,Christopher Gibson\gibsoch01,26,NYI,2,0,0,0,0,1,17,16,0.941,1.5,0,0.2,40,0,NA,0,NA,NA,0,0,0,0,18-19
34,John Gibson\gibsojo02,25,ANA,58,57,26,22,8,153,1838,1685,0.917,2.84,2,11.6,3233,34,0.596,8,92,12.66,0,0,0,2,18-19
35,Thomas Greiss\greisth01,33,NYI,43,39,23,14,2,87,1185,1098,0.927,2.28,5,8.7,2294,25,0.641,7,81,19.81,0,1,1,4,18-19
36,Philipp Grubauer\grubaph01,27,COL,37,33,18,9,5,89,1071,982,0.917,2.64,3,6.8,2021,20,0.606,5,92,7.53,0,0,0,0,18-19
37,Jaroslav Halak\halakja01,33,BOS,40,37,22,11,4,90,1158,1068,0.922,2.34,5,8,2308,22,0.595,4,86,14.37,0,4,4,0,18-19
38,Carter Hart\hartca01,20,PHI,31,30,16,13,1,81,976,895,0.917,2.83,0,6.2,1717,14,0.467,4,92,6.97,0,0,0,0,18-19
39,Connor Hellebuyck\helleco01,25,WPG,63,62,34,23,3,179,2051,1872,0.913,2.9,2,12.1,3704,28,0.452,6,97,5.86,0,3,3,4,18-19
40,Adin Hill\hillad01,22,ARI,13,11,7,5,0,32,322,290,0.901,2.76,1,1.5,696,4,0.364,1,NA,NA,0,0,0,0,18-19
41,Marcus Hogberg\hogbema01,24,OTT,4,4,0,2,1,14,121,107,0.884,4.09,0,0.3,206,1,0.25,1,NA,NA,0,0,0,0,18-19
42,Braden Holtby\holtbbr01,29,WSH,59,58,32,19,5,160,1795,1635,0.911,2.82,3,10.2,3407,33,0.569,9,99,1.79,0,2,2,2,18-19
43,Jimmy Howard\howarja02,34,DET,55,52,23,22,5,156,1709,1553,0.909,3.07,0,9.3,3053,30,0.577,6,101,-1.96,0,1,1,2,18-19
44,Michael Hutchinson\hutchmi01,28,TOT,9,8,3,4,2,27,239,212,0.887,3.27,1,0.8,496,2,0.25,2,NA,NA,0,0,0,0,18-19
44,Michael Hutchinson\hutchmi01,28,TOR,5,5,2,3,0,13,152,139,0.914,2.64,1,0.9,295,2,0.4,0,NA,NA,0,0,0,0,18-19
44,Michael Hutchinson\hutchmi01,28,FLA,4,3,1,1,2,14,87,73,0.839,4.17,0,-0.2,201,0,0,2,NA,NA,0,0,0,0,18-19
45,Carter Hutton\huttoca01,33,BUF,50,48,18,25,5,142,1541,1399,0.908,3,0,8.3,2840,25,0.521,5,102,-3.11,0,1,1,2,18-19
46,Tristan Jarry\jarrytr01,23,PIT,2,2,0,1,1,7,62,55,0.887,3.5,0,0.2,120,1,0.5,1,NA,NA,0,0,0,0,18-19
47,Chad Johnson\johnsch02,32,TOT,19,11,2,11,0,49,406,357,0.879,3.63,1,0.9,811,3,0.273,3,134,-12.41,0,0,0,0,18-19
47,Chad Johnson\johnsch02,32,STL,10,7,2,6,0,29,250,221,0.884,3.55,1,0.7,491,2,0.286,2,NA,NA,0,0,0,0,18-19
47,Chad Johnson\johnsch02,32,ANA,9,4,0,5,0,20,156,136,0.872,3.75,0,0.2,320,1,0.25,1,NA,NA,0,0,0,0,18-19
48,Martin Jones\jonesma02,29,SJS,62,62,36,19,5,176,1699,1523,0.896,2.94,3,7,3597,27,0.435,14,115,-22.87,0,1,1,2,18-19
49,Anton Khudobin\khudoan01,32,DAL,41,37,16,17,5,95,1232,1137,0.923,2.57,2,8.6,2220,23,0.622,3,86,16.04,0,0,0,2,18-19
50,Keith Kinkaid\kinkake01,29,NJD,41,38,15,18,6,129,1188,1059,0.891,3.36,3,4.3,2302,15,0.395,11,120,-21.92,0,0,0,0,18-19
51,Joonas Korpisalo\korpijo01,24,CBJ,27,21,10,7,3,67,651,584,0.897,2.95,0,2.7,1361,8,0.381,4,114,-8.32,0,0,0,0,18-19
52,Mikko Koskinen\koskimi01,30,EDM,55,51,25,21,6,146,1551,1405,0.906,2.93,4,8,2992,24,0.471,8,104,-6.21,0,2,2,2,18-19
53,Darcy Kuemper\kuempda01,28,ARI,55,55,27,20,8,126,1676,1550,0.925,2.33,5,12,3251,36,0.655,6,83,25.06,0,2,2,14,18-19
54,Maxime Lagace\lagacma01,26,VEG,1,1,0,1,0,4,31,27,0.871,4.03,0,0,60,0,0,0,NA,NA,0,0,0,0,18-19
55,Robin Lehner\lehnero01,27,NYI,46,43,25,13,5,93,1323,1230,0.93,2.13,6,10.2,2616,26,0.605,4,78,26.24,0,1,1,0,18-19
56,Charlie Lindgren\lindgch01,25,MTL,1,1,1,0,0,5,49,44,0.898,4.62,0,0.2,65,0,0,0,NA,NA,0,0,0,0,18-19
57,Henrik Lundqvist\lundqhe01,36,NYR,52,52,18,23,10,158,1699,1541,0.907,3.07,0,9,3089,30,0.577,7,103,-4.87,0,3,3,0,18-19
58,Roberto Luongo\luongro01,39,FLA,43,40,18,16,5,122,1205,1083,0.899,3.12,1,5.3,2347,20,0.5,7,112,-13.39,0,1,1,0,18-19
59,Alex Lyon\lyonal01,26,PHI,2,1,0,1,0,6,31,25,0.806,5.08,0,-0.2,71,0,0,1,NA,NA,0,0,0,0,18-19
60,Jacob Markstrom\marksja02,29,VAN,60,60,28,23,9,166,1896,1730,0.912,2.77,1,11.1,3599,34,0.567,7,97,4.89,0,3,3,2,18-19
61,Curtis McElhinney\mcelhcu01,35,CAR,33,33,20,11,2,85,968,883,0.912,2.58,2,5.6,1978,17,0.515,6,97,2.25,0,0,0,0,18-19
62,Mike McKenna\mckenmi01,35,TOT,11,7,1,5,1,34,316,282,0.892,3.99,0,1.2,511,3,0.429,1,NA,NA,0,0,0,0,18-19
62,Mike McKenna\mckenmi01,35,OTT,10,6,1,4,1,30,292,262,0.897,3.96,0,1.2,454,3,0.5,0,NA,NA,0,0,0,0,18-19
62,Mike McKenna\mckenmi01,35,PHI,1,1,0,1,0,4,24,20,0.833,4.22,0,-0.1,57,0,0,1,NA,NA,0,0,0,0,18-19
63,Ryan Miller\millery01,38,ANA,20,17,8,7,2,51,578,527,0.912,2.76,1,3.3,1109,10,0.588,2,98,1.1,0,0,0,0,18-19
64,Hunter Miska\miskahu01,23,ARI,1,0,0,0,0,1,9,8,0.889,3.28,0,0,18,0,NA,0,NA,NA,0,0,0,0,18-19
65,Sam Montembeault\montesa01,22,FLA,11,10,4,3,2,30,282,252,0.894,3.04,0,1.1,591,5,0.5,3,NA,NA,0,1,1,0,18-19
66,Petr Mrazek\mrazepe01,26,CAR,40,40,23,14,3,95,1104,1009,0.914,2.39,4,6.6,2387,23,0.575,4,95,4.51,0,1,1,6,18-19
67,Matt Murray\murrama02,24,PIT,50,50,29,14,6,129,1594,1465,0.919,2.69,4,10.4,2880,29,0.58,10,90,14.67,0,0,0,4,18-19
68,Alex Nedeljkovic\nedelal01,23,CAR,1,1,1,0,0,2,26,24,0.923,2,0,0.2,60,1,1,0,NA,NA,0,0,0,0,18-19
69,Michal Neuvirth\neuvimi01,30,PHI,7,6,1,4,1,26,184,158,0.859,4.27,0,0,366,1,0.167,4,NA,NA,0,0,0,0,18-19
70,Antti Niemi\niemian02,35,MTL,17,17,8,6,2,61,539,478,0.887,3.78,0,1.7,969,4,0.235,5,126,-12.42,0,1,1,0,18-19
71,Anders Nilsson\nilssan01,28,TOT,36,34,14,19,1,101,1098,997,0.908,2.97,2,5.9,2040,14,0.412,6,102,-2.04,0,1,1,0,18-19
71,Anders Nilsson\nilssan01,28,OTT,24,22,11,11,0,64,745,681,0.914,2.9,2,4.5,1322,10,0.455,4,95,3.15,0,1,1,0,18-19
71,Anders Nilsson\nilssan01,28,VAN,12,12,3,8,1,37,353,316,0.895,3.09,0,1.4,718,4,0.333,2,116,-5.18,0,0,0,0,18-19
72,Eddie Pasquale\pasqued01,28,TBL,3,3,2,1,0,12,102,90,0.882,3.96,0,0.3,182,1,0.333,1,NA,NA,0,0,0,0,18-19
73,Calvin Petersen\peterca01,24,LAK,11,10,5,4,1,27,355,328,0.924,2.61,1,2.5,622,6,0.6,1,84,5,0,0,0,0,18-19
74,Calvin Pickard\pickaca01,26,TOT,17,12,4,6,2,48,384,336,0.875,3.86,1,0.7,747,4,0.333,4,139,-13.39,0,0,0,2,18-19
74,Calvin Pickard\pickaca01,26,PHI,11,8,4,2,2,31,227,196,0.863,4.01,1,0.1,464,2,0.25,4,NA,NA,0,0,0,2,18-19
74,Calvin Pickard\pickaca01,26,ARI,6,4,0,4,0,17,157,140,0.892,3.61,0,0.6,283,2,0.5,0,NA,NA,0,0,0,0,18-19
75,Carey Price\priceca01,31,MTL,66,64,35,24,6,161,1952,1791,0.918,2.49,4,12.5,3880,37,0.578,6,92,14.94,0,1,1,2,18-19
76,Jonathan Quick\quickjo01,33,LAK,46,46,16,23,7,149,1329,1180,0.888,3.38,2,4.3,2648,19,0.413,11,124,-29.21,0,2,2,6,18-19
77,Antti Raanta\raantan01,29,ARI,12,12,5,6,0,33,351,318,0.906,2.88,0,1.8,687,6,0.5,1,104,-1.36,0,1,1,0,18-19
78,Tuukka Rask\rasktu01,31,BOS,46,45,27,13,5,109,1245,1136,0.912,2.48,4,7.3,2635,24,0.533,5,97,3.21,0,2,2,4,18-19
79,James Reimer\reimeja01,30,FLA,36,29,13,12,5,93,929,836,0.9,3.09,0,4.2,1805,10,0.345,6,111,-9.27,0,0,0,0,18-19
80,Pekka Rinne\rinnepe01,36,NSH,56,55,30,19,4,130,1581,1451,0.918,2.42,4,10.1,3220,30,0.545,7,91,12.5,0,0,0,4,18-19
81,David Rittich\rittida01,26,CGY,45,42,27,9,5,109,1228,1119,0.911,2.61,1,7,2503,26,0.619,8,98,1.68,0,0,0,4,18-19
82,Juuse Saros\sarosju01,23,NSH,31,27,17,10,2,74,870,796,0.915,2.62,3,5.3,1696,14,0.519,6,94,4.41,0,0,0,0,18-19
83,Cory Schneider\schneco01,32,NJD,26,23,6,13,4,70,718,648,0.903,3.06,1,3.4,1372,10,0.435,5,108,-5.29,0,0,0,0,18-19
84,Mike Smith\smithmi01,36,CGY,42,40,23,16,2,109,1069,960,0.898,2.72,2,4.6,2400,20,0.5,9,113,-12.65,0,3,3,2,18-19
85,Garret Sparks\sparkga01,25,TOR,20,17,8,9,1,58,592,534,0.902,3.15,1,2.8,1105,8,0.471,3,109,-4.64,0,0,0,0,18-19
86,Alex Stalock\staloal01,31,MIN,21,16,6,8,3,53,525,472,0.899,2.99,0,2.3,1065,9,0.563,1,112,-5.68,0,2,2,4,18-19
87,Anthony Stolarz\stolaan01,25,TOT,18,12,4,5,3,50,503,453,0.901,3.45,1,2.3,869,5,0.417,2,110,-4.66,0,0,0,0,18-19
87,Anthony Stolarz\stolaan01,25,PHI,12,10,4,3,3,35,358,323,0.902,3.33,1,1.7,630,4,0.4,2,108,-2.73,0,0,0,0,18-19
87,Anthony Stolarz\stolaan01,25,EDM,6,2,0,2,0,15,145,130,0.897,3.77,0,0.6,239,1,0.5,0,NA,NA,0,0,0,0,18-19
88,Malcolm Subban\subbama01,25,VEG,21,20,8,10,2,60,612,552,0.902,2.93,1,2.9,1227,8,0.4,3,109,-4.84,0,0,0,4,18-19
89,Cam Talbot\talboca01,31,TOT,35,32,11,17,3,108,997,889,0.892,3.4,1,3.6,1906,9,0.281,10,120,-18.14,0,1,1,0,18-19
89,Cam Talbot\talboca01,31,EDM,31,29,10,15,3,95,888,793,0.893,3.36,1,3.4,1695,9,0.31,9,119,-14.96,0,1,1,0,18-19
89,Cam Talbot\talboca01,31,PHI,4,3,1,2,0,13,109,96,0.881,3.7,0,0.3,211,0,0,1,NA,NA,0,0,0,0,18-19
90,Linus Ullmark\ullmali01,25,BUF,37,34,15,14,5,109,1146,1037,0.905,3.11,2,5.8,2102,18,0.529,6,106,-5.71,0,1,1,0,18-19
91,Semyon Varlamov\varlasi01,30,COL,49,49,20,19,9,136,1496,1360,0.909,2.87,2,8.2,2839,25,0.51,9,101,-1.16,0,0,0,2,18-19
92,Andrei Vasilevskiy\vasilan02,24,TBL,53,53,39,10,4,128,1713,1585,0.925,2.4,6,12.4,3204,34,0.642,7,83,26.4,0,3,3,6,18-19
93,Cam Ward\wardca01,34,CHI,33,29,16,12,4,115,1113,998,0.897,3.67,0,4.6,1882,15,0.517,5,115,-14.68,0,1,1,4,18-19
