playerId,season,name,team,position,situation,games_played,icetime,xGoals,goals,unblocked_shot_attempts,xRebounds,rebounds,xFreeze,freeze,xOnGoal,ongoal,xPlayStopped,playStopped,xPlayContinuedInZone,playContinuedInZone,xPlayContinuedOutsideZone,playContinuedOutsideZone,flurryAdjustedxGoals,lowDangerShots,mediumDangerShots,highDangerShots,lowDangerxGoals,mediumDangerxGoals,highDangerxGoals,lowDangerGoals,mediumDangerGoals,highDangerGoals,blocked_shot_attempts,penalityMinutes,penalties
8470140,2012,Kari Lehtonen,DAL,G,other,36,2778.0,6.47,5.0,81.0,3.7,4.0,9.79,9.0,47.7,48.0,0.91,1.0,26.56,24.0,16.86,21.0,6.16,31.0,28.0,6.0,1.05,3.43,2.0,0.0,3.0,2.0,16.0,0.0,0.0
8470140,2012,Kari Lehtonen,DAL,G,all,36,119171.0,108.12,88.0,1947.0,76.16,94.0,238.85,256.0,1072.09,1050.0,30.68,40.0,590.18,498.0,432.52,515.0,102.11,1085.0,275.0,120.0,30.7,34.08,43.34,25.0,23.0,40.0,467.0,0.0,0.0
8470140,2012,Kari Lehtonen,DAL,G,5on5,36,94337.0,67.85,60.0,1467.0,54.08,70.0,187.14,200.0,800.73,787.0,23.85,31.0,442.97,352.0,330.25,402.0,64.88,846.0,194.0,68.0,24.49,24.09,19.28,23.0,19.0,18.0,359.0,0.0,0.0
8470140,2012,Kari Lehtonen,DAL,G,4on5,36,10868.0,30.11,21.0,333.0,16.36,18.0,36.0,42.0,183.33,178.0,0.77,2.0,108.16,112.0,56.67,59.0,27.44,169.0,42.0,42.0,3.99,5.16,20.95,2.0,1.0,18.0,80.0,0.0,0.0
8470140,2012,Kari Lehtonen,DAL,G,5on4,36,11188.0,3.37,2.0,54.0,1.75,2.0,4.5,4.0,34.52,29.0,4.95,6.0,9.81,9.0,25.63,27.0,3.31,32.0,10.0,4.0,1.0,1.25,1.12,0.0,0.0,2.0,8.0,0.0,0.0
8466339,2012,Scott Clemmensen,FLA,G,other,19,704.0,3.33,5.0,38.0,1.87,3.0,4.6,2.0,22.47,23.0,0.33,0.0,12.58,15.0,6.82,4.0,3.03,15.0,10.0,5.0,0.64,1.42,1.27,2.0,2.0,1.0,8.0,0.0,0.0
8466339,2012,Scott Clemmensen,FLA,G,all,19,51985.0,40.43,53.0,790.0,30.08,36.0,97.03,74.0,428.34,421.0,12.36,9.0,238.23,198.0,174.38,217.0,39.03,417.0,143.0,34.0,12.24,17.36,10.83,19.0,24.0,10.0,196.0,0.0,0.0
8466339,2012,Scott Clemmensen,FLA,G,5on5,19,42268.0,27.13,39.0,631.0,22.61,23.0,78.47,61.0,336.21,332.0,10.38,9.0,187.11,158.0,141.94,173.0,26.57,339.0,115.0,14.0,9.83,13.81,3.49,15.0,20.0,4.0,163.0,0.0,0.0
8466339,2012,Scott Clemmensen,FLA,G,4on5,19,4901.0,9.06,9.0,111.0,5.26,9.0,13.09,10.0,61.54,60.0,0.27,0.0,36.51,23.0,19.98,34.0,8.63,56.0,17.0,13.0,1.64,2.01,5.41,2.0,2.0,5.0,25.0,0.0,0.0
8466339,2012,Scott Clemmensen,FLA,G,5on4,19,4112.0,0.9,0.0,10.0,0.34,1.0,0.86,1.0,8.11,6.0,1.38,0.0,2.04,2.0,5.65,6.0,0.8,7.0,1.0,2.0,0.13,0.12,0.66,0.0,0.0,0.0,0.0,0.0,0.0
8476839,2012,Viktor Fasth,ANA,G,other,25,2974.0,4.79,1.0,69.0,2.38,1.0,7.6,12.0,37.33,34.0,0.83,0.0,20.48,17.0,16.52,20.0,4.64,36.0,11.0,6.0,1.3,1.34,2.16,0.0,1.0,0.0,16.0,0.0,0.0
8476839,2012,Viktor Fasth,ANA,G,all,25,85698.0,56.18,52.0,1352.0,46.35,49.0,156.75,163.0,676.83,661.0,21.17,22.0,388.04,297.0,293.74,376.0,54.65,745.0,169.0,50.0,20.53,20.08,15.58,21.0,16.0,15.0,388.0,0.0,0.0
8476839,2012,Viktor Fasth,ANA,G,5on5,25,70074.0,43.21,41.0,1100.0,36.82,39.0,131.28,138.0,555.24,541.0,16.93,19.0,316.3,244.0,241.61,303.0,42.12,608.0,146.0,34.0,16.88,17.27,9.05,16.0,14.0,11.0,312.0,0.0,0.0
8476839,2012,Viktor Fasth,ANA,G,4on5,25,6834.0,7.15,8.0,161.0,6.55,9.0,16.42,12.0,72.87,72.0,0.55,1.0,48.13,34.0,25.14,41.0,6.85,88.0,9.0,9.0,2.03,1.08,4.04,4.0,0.0,4.0,55.0,0.0,0.0
8476839,2012,Viktor Fasth,ANA,G,5on4,25,5816.0,1.04,2.0,22.0,0.6,0.0,1.44,1.0,11.39,14.0,2.86,2.0,3.14,2.0,10.47,12.0,1.04,13.0,3.0,1.0,0.32,0.39,0.33,1.0,1.0,0.0,5.0,0.0,0.0
8475311,2012,Darcy Kuemper,MIN,G,other,6,171.0,0.31,0.0,7.0,0.33,1.0,0.8,1.0,3.94,3.0,0.0,0.0,2.13,2.0,1.31,1.0,0.3,3.0,2.0,0.0,0.11,0.2,0.0,0.0,0.0,0.0,2.0,0.0,0.0
8475311,2012,Darcy Kuemper,MIN,G,all,6,17298.0,10.01,10.0,235.0,9.15,5.0,29.41,28.0,130.47,119.0,3.89,1.0,73.09,69.0,54.31,64.0,9.69,142.0,31.0,7.0,4.28,3.84,1.89,3.0,6.0,1.0,55.0,0.0,0.0
8475311,2012,Darcy Kuemper,MIN,G,5on5,6,14575.0,9.01,9.0,198.0,7.6,3.0,25.46,25.0,112.35,103.0,3.29,1.0,62.6,57.0,46.86,58.0,8.7,120.0,28.0,7.0,3.6,3.51,1.89,3.0,5.0,1.0,43.0,0.0,0.0
8475311,2012,Darcy Kuemper,MIN,G,4on5,6,1195.0,0.63,1.0,27.0,1.18,1.0,2.98,2.0,12.74,12.0,0.07,0.0,7.93,10.0,4.88,3.0,0.63,17.0,1.0,0.0,0.51,0.13,0.0,0.0,1.0,0.0,9.0,0.0,0.0
8475311,2012,Darcy Kuemper,MIN,G,5on4,6,1357.0,0.06,0.0,3.0,0.05,0.0,0.17,0.0,1.44,1.0,0.52,0.0,0.43,0.0,1.25,2.0,0.06,2.0,0.0,0.0,0.06,0.0,0.0,0.0,0.0,0.0,1.0,0.0,0.0
8470880,2012,Brian Elliott,STL,G,other,24,2292.0,3.86,6.0,57.0,2.08,2.0,7.57,3.0,35.57,34.0,0.51,0.0,18.45,21.0,14.91,15.0,3.83,38.0,5.0,5.0,1.14,0.73,1.98,2.0,3.0,1.0,9.0,0.0,0.0
8470880,2012,Brian Elliott,STL,G,all,24,75116.0,44.26,49.0,1000.0,36.27,31.0,123.97,146.0,541.04,526.0,18.33,20.0,297.35,203.0,229.03,298.0,43.41,578.0,127.0,43.0,15.87,14.97,13.42,17.0,12.0,20.0,252.0,0.0,0.0
8470880,2012,Brian Elliott,STL,G,5on5,24,61317.0,32.03,32.0,781.0,27.5,26.0,99.86,123.0,423.77,414.0,14.48,18.0,232.41,142.0,180.8,244.0,31.39,458.0,99.0,29.0,12.52,11.6,7.91,13.0,5.0,14.0,195.0,0.0,0.0
8470880,2012,Brian Elliott,STL,G,4on5,24,6468.0,7.18,10.0,134.0,5.76,3.0,13.3,17.0,64.45,62.0,0.29,0.0,39.81,33.0,21.85,27.0,7.0,61.0,22.0,7.0,1.63,2.54,3.0,1.0,4.0,5.0,44.0,0.0,0.0
8470880,2012,Brian Elliott,STL,G,5on4,24,5039.0,0.92,1.0,18.0,0.58,0.0,1.67,0.0,10.78,11.0,2.69,2.0,3.34,5.0,8.19,8.0,0.92,12.0,1.0,2.0,0.3,0.1,0.53,1.0,0.0,0.0,3.0,0.0,0.0
8471750,2012,Ben Bishop,T.B,G,other,22,1721.0,6.33,4.0,66.0,2.65,5.0,8.48,14.0,40.47,39.0,1.06,0.0,19.84,19.0,15.41,12.0,5.92,35.0,9.0,10.0,1.13,1.22,3.98,0.0,1.0,3.0,12.0,2.0,1.0
8471750,2012,Ben Bishop,T.B,G,all,22,75338.0,63.17,56.0,1272.0,46.23,59.0,158.65,158.0,689.94,701.0,20.24,13.0,386.63,324.0,288.87,349.0,60.66,721.0,190.0,55.0,21.32,22.87,18.98,19.0,14.0,23.0,306.0,2.0,1.0
8471750,2012,Ben Bishop,T.B,G,5on5,22,61712.0,41.3,39.0,991.0,34.56,45.0,127.28,118.0,532.66,544.0,16.57,11.0,300.5,255.0,225.83,272.0,40.0,579.0,139.0,29.0,17.25,16.41,7.64,17.0,12.0,10.0,244.0,0.0,0.0
8471750,2012,Ben Bishop,T.B,G,4on5,22,7096.0,13.87,13.0,179.0,8.07,7.0,19.08,23.0,95.75,97.0,0.45,1.0,58.79,46.0,32.17,44.0,13.1,84.0,36.0,15.0,2.36,4.47,7.03,2.0,1.0,10.0,44.0,0.0,0.0
8471750,2012,Ben Bishop,T.B,G,5on4,22,4809.0,1.16,0.0,23.0,0.6,0.0,1.91,0.0,13.76,14.0,1.89,0.0,4.11,1.0,11.84,19.0,1.16,15.0,4.0,1.0,0.38,0.46,0.33,0.0,0.0,0.0,3.0,0.0,0.0
8471712,2012,Jeff Frazee,N.J,G,other,1,0.0,0.0,0.0,0.0,0.0,0.0,0.0,0.0,0.0,0.0,0.0,0.0,0.0,0.0,0.0,0.0,0.0,0.0,0.0,0.0,0.0,0.0,0.0,0.0,0.0,0.0,0.0,0.0,0.0
8471712,2012,Jeff Frazee,N.J,G,all,1,1116.0,0.32,0.0,7.0,0.3,0.0,1.08,0.0,5.2,3.0,0.35,0.0,2.69,2.0,2.45,5.0,0.32,5.0,2.0,0.0,0.11,0.21,0.0,0.0,0.0,0.0,0.0,0.0,0.0
8471712,2012,Jeff Frazee,N.J,G,5on5,1,1116.0,0.32,0.0,7.0,0.3,0.0,1.08,0.0,5.2,3.0,0.35,0.0,2.69,2.0,2.45,5.0,0.32,5.0,2.0,0.0,0.11,0.21,0.0,0.0,0.0,0.0,0.0,0.0,0.0
8471712,2012,Jeff Frazee,N.J,G,4on5,1,0.0,0.0,0.0,0.0,0.0,0.0,0.0,0.0,0.0,0.0,0.0,0.0,0.0,0.0,0.0,0.0,0.0,0.0,0.0,0.0,0.0,0.0,0.0,0.0,0.0,0.0,0.0,0.0,0.0
8471712,2012,Jeff Frazee,N.J,G,5on4,1,0.0,0.0,0.0,0.0,0.0,0.0,0.0,0.0,0.0,0.0,0.0,0.0,0.0,0.0,0.0,0.0,0.0,0.0,0.0,0.0,0.0,0.0,0.0,0.0,0.0,0.0,0.0,0.0,0.0
8473404,2012,Niklas Backstrom,MIN,G,other,42,6087.0,6.68,7.0,132.0,5.14,1.0,14.42,12.0,71.32,67.0,2.0,2.0,41.59,35.0,27.99,40.0,6.5,73.0,21.0,4.0,2.78,2.74,1.16,0.0,5.0,2.0,34.0,0.0,0.0
8473404,2012,Niklas Backstrom,MIN,G,all,42,140888.0,87.68,98.0,1985.0,72.15,67.0,244.83,248.0,1061.44,1072.0,34.36,37.0,596.53,444.0,445.47,590.0,85.42,1169.0,247.0,65.0,34.43,30.2,23.04,28.0,38.0,32.0,504.0,2.0,1.0
8473404,2012,Niklas Backstrom,MIN,G,5on5,42,112687.0,64.22,73.0,1591.0,54.54,54.0,202.64,212.0,846.7,854.0,26.58,32.0,471.33,346.0,362.63,473.0,62.81,952.0,186.0,45.0,27.59,22.72,13.91,28.0,28.0,17.0,408.0,0.0,0.0
8473404,2012,Niklas Backstrom,MIN,G,4on5,42,10621.0,15.41,18.0,231.0,11.66,12.0,25.25,23.0,125.75,136.0,0.66,1.0,78.04,60.0,41.59,57.0,14.75,124.0,36.0,16.0,3.37,4.08,7.96,0.0,5.0,13.0,55.0,0.0,0.0
8473404,2012,Niklas Backstrom,MIN,G,5on4,42,11493.0,1.31,0.0,28.0,0.73,0.0,2.19,1.0,16.34,14.0,5.11,2.0,4.83,2.0,12.49,19.0,1.31,18.0,4.0,0.0,0.65,0.66,0.0,0.0,0.0,0.0,6.0,2.0,1.0
8475683,2012,Sergei Bobrovsky,CBJ,G,other,38,3846.0,7.86,7.0,116.0,4.83,8.0,12.77,11.0,66.29,71.0,1.97,2.0,35.63,29.0,26.64,32.0,7.44,57.0,25.0,8.0,2.01,3.29,2.57,3.0,1.0,3.0,26.0,0.0,0.0
8475683,2012,Sergei Bobrovsky,CBJ,G,all,38,133137.0,80.86,74.0,1940.0,71.39,74.0,239.94,167.0,1046.94,1084.0,29.45,53.0,598.51,547.0,438.5,542.0,78.18,1147.0,251.0,66.0,30.8,30.66,19.39,26.0,29.0,19.0,476.0,0.0,0.0
8475683,2012,Sergei Bobrovsky,CBJ,G,5on5,38,108672.0,60.23,51.0,1555.0,54.49,62.0,197.13,134.0,830.81,860.0,22.78,49.0,473.88,435.0,352.58,441.0,58.3,936.0,183.0,47.0,25.1,22.01,13.13,21.0,21.0,9.0,389.0,0.0,0.0
8475683,2012,Sergei Bobrovsky,CBJ,G,4on5,38,9724.0,9.94,15.0,221.0,10.69,3.0,25.34,18.0,120.48,122.0,0.52,0.0,78.49,71.0,40.57,50.0,9.68,126.0,35.0,8.0,2.69,4.36,2.89,2.0,6.0,7.0,52.0,0.0,0.0
8475683,2012,Sergei Bobrovsky,CBJ,G,5on4,38,10895.0,1.81,1.0,27.0,0.82,0.0,2.35,3.0,18.24,19.0,3.7,2.0,5.47,5.0,13.02,14.0,1.81,16.0,6.0,2.0,0.48,0.77,0.56,0.0,1.0,0.0,3.0,0.0,0.0
8473523,2012,Jhonas Enroth,BUF,G,other,12,868.0,2.33,2.0,32.0,1.27,2.0,3.79,5.0,19.18,16.0,0.21,1.0,10.61,6.0,7.41,11.0,2.19,17.0,7.0,2.0,0.79,0.93,0.6,1.0,1.0,0.0,6.0,0.0,0.0
8473523,2012,Jhonas Enroth,BUF,G,all,12,37406.0,24.82,27.0,599.0,21.89,21.0,77.09,63.0,327.42,332.0,8.44,10.0,188.66,148.0,141.68,194.0,24.09,373.0,76.0,16.0,10.27,9.3,5.25,14.0,7.0,6.0,134.0,0.0,0.0
8473523,2012,Jhonas Enroth,BUF,G,5on5,12,30087.0,17.58,17.0,468.0,16.04,13.0,62.13,48.0,253.32,260.0,6.57,8.0,147.01,121.0,109.8,153.0,17.18,296.0,56.0,9.0,8.0,6.79,2.79,9.0,6.0,2.0,107.0,0.0,0.0
8473523,2012,Jhonas Enroth,BUF,G,4on5,12,2961.0,3.86,5.0,74.0,3.97,6.0,8.76,7.0,39.63,40.0,0.16,0.0,26.38,17.0,13.64,21.0,3.66,44.0,10.0,4.0,1.07,1.2,1.59,2.0,0.0,3.0,16.0,0.0,0.0
8473523,2012,Jhonas Enroth,BUF,G,5on4,12,3490.0,1.04,3.0,24.0,0.57,0.0,2.28,3.0,14.68,15.0,1.43,1.0,4.2,4.0,10.49,9.0,1.04,15.0,3.0,1.0,0.4,0.38,0.27,2.0,0.0,1.0,5.0,0.0,0.0
8471251,2012,Justin Peters,CAR,G,other,19,1209.0,2.33,2.0,32.0,1.09,1.0,2.77,3.0,15.03,16.0,0.32,0.0,7.75,6.0,6.56,8.0,2.19,13.0,6.0,2.0,0.38,0.77,1.18,0.0,1.0,1.0,11.0,0.0,0.0
8471251,2012,Justin Peters,CAR,G,all,19,57264.0,49.9,55.0,931.0,36.84,48.0,119.49,124.0,526.19,507.0,17.12,10.0,284.25,216.0,212.75,260.0,48.29,505.0,165.0,50.0,15.7,19.72,14.49,9.0,24.0,22.0,211.0,0.0,0.0
8471251,2012,Justin Peters,CAR,G,5on5,19,46817.0,40.21,42.0,746.0,28.58,44.0,99.03,97.0,424.01,401.0,14.12,9.0,225.6,168.0,170.07,216.0,38.87,404.0,130.0,43.0,13.07,15.72,11.42,8.0,16.0,18.0,169.0,0.0,0.0
8471251,2012,Justin Peters,CAR,G,4on5,19,4455.0,5.75,9.0,129.0,6.4,3.0,16.05,21.0,71.84,75.0,0.27,0.0,46.54,38.0,24.9,26.0,5.62,78.0,20.0,4.0,2.08,2.17,1.5,1.0,5.0,3.0,27.0,0.0,0.0
8471251,2012,Justin Peters,CAR,G,5on4,19,4783.0,1.62,2.0,24.0,0.76,0.0,1.63,3.0,15.31,15.0,2.41,1.0,4.36,4.0,11.22,10.0,1.62,10.0,9.0,1.0,0.17,1.06,0.39,0.0,2.0,0.0,4.0,0.0,0.0
8471186,2012,Yann Danis,EDM,G,other,3,352.0,0.17,0.0,3.0,0.12,0.0,0.57,0.0,1.76,2.0,0.05,0.0,0.6,0.0,0.49,2.0,0.17,1.0,1.0,0.0,0.02,0.15,0.0,0.0,0.0,0.0,1.0,0.0,0.0
8471186,2012,Yann Danis,EDM,G,all,3,6615.0,5.81,7.0,102.0,4.02,4.0,11.72,11.0,57.61,59.0,1.38,1.0,31.08,30.0,24.61,26.0,5.41,50.0,25.0,4.0,1.62,2.78,1.41,3.0,2.0,2.0,23.0,0.0,0.0
8471186,2012,Yann Danis,EDM,G,5on5,3,4928.0,3.87,4.0,76.0,2.95,2.0,9.26,9.0,42.54,40.0,1.07,1.0,24.53,25.0,17.11,18.0,3.73,39.0,19.0,1.0,1.37,2.08,0.43,2.0,1.0,1.0,17.0,0.0,0.0
8471186,2012,Yann Danis,EDM,G,4on5,3,733.0,0.85,2.0,14.0,0.6,0.0,1.26,1.0,7.22,9.0,0.16,0.0,4.61,5.0,2.46,2.0,0.8,5.0,4.0,1.0,0.15,0.39,0.31,1.0,1.0,0.0,4.0,0.0,0.0
8471186,2012,Yann Danis,EDM,G,5on4,3,602.0,0.92,1.0,9.0,0.34,2.0,0.62,1.0,6.08,8.0,0.1,0.0,1.35,0.0,4.54,4.0,0.72,5.0,1.0,2.0,0.07,0.17,0.67,0.0,0.0,1.0,1.0,0.0,0.0
8473638,2012,Cedrick Desjardins,T.B,G,other,3,423.0,0.55,1.0,6.0,0.33,0.0,0.64,1.0,3.94,3.0,0.04,0.0,1.71,1.0,1.67,2.0,0.5,2.0,3.0,0.0,0.11,0.43,0.0,0.0,1.0,0.0,1.0,0.0,0.0
8473638,2012,Cedrick Desjardins,T.B,G,all,3,9606.0,8.35,8.0,142.0,5.39,6.0,17.32,16.0,77.51,73.0,2.01,0.0,41.15,37.0,32.38,36.0,7.08,72.0,28.0,7.0,1.6,3.55,3.2,2.0,5.0,1.0,35.0,0.0,0.0
8473638,2012,Cedrick Desjardins,T.B,G,5on5,3,7763.0,4.13,5.0,110.0,3.85,3.0,14.21,14.0,58.52,54.0,1.65,0.0,32.91,24.0,25.02,32.0,3.72,61.0,18.0,3.0,1.26,2.08,0.8,1.0,3.0,1.0,28.0,0.0,0.0
8473638,2012,Cedrick Desjardins,T.B,G,4on5,3,618.0,2.79,2.0,20.0,0.83,3.0,2.03,1.0,10.48,12.0,0.07,0.0,5.3,7.0,2.74,1.0,2.01,8.0,3.0,3.0,0.23,0.46,2.1,1.0,1.0,0.0,6.0,0.0,0.0
8473638,2012,Cedrick Desjardins,T.B,G,5on4,3,802.0,0.88,0.0,6.0,0.38,0.0,0.44,0.0,4.57,4.0,0.25,0.0,1.23,5.0,2.96,1.0,0.86,1.0,4.0,1.0,0.0,0.58,0.3,0.0,0.0,0.0,0.0,0.0,0.0
8471433,2012,Daniel Taylor,CGY,G,other,2,86.0,0.02,0.0,2.0,0.04,0.0,0.18,0.0,0.69,1.0,0.02,0.0,0.4,1.0,0.34,0.0,0.02,1.0,0.0,0.0,0.02,0.0,0.0,0.0,0.0,0.0,1.0,0.0,0.0
8471433,2012,Daniel Taylor,CGY,G,all,2,7200.0,4.92,6.0,127.0,4.51,6.0,16.0,20.0,66.45,68.0,1.95,4.0,38.13,28.0,27.34,31.0,4.8,77.0,13.0,3.0,2.15,1.74,1.03,1.0,2.0,3.0,34.0,0.0,0.0
8471433,2012,Daniel Taylor,CGY,G,5on5,2,6334.0,4.61,6.0,114.0,4.0,6.0,14.88,19.0,60.85,62.0,1.7,2.0,34.55,25.0,25.05,28.0,4.5,70.0,12.0,3.0,1.97,1.62,1.03,1.0,2.0,3.0,29.0,0.0,0.0
8471433,2012,Daniel Taylor,CGY,G,4on5,2,321.0,0.25,0.0,10.0,0.46,0.0,0.81,1.0,4.18,4.0,0.0,0.0,2.93,2.0,1.41,2.0,0.25,5.0,1.0,0.0,0.13,0.13,0.0,0.0,0.0,0.0,4.0,0.0,0.0
8471433,2012,Daniel Taylor,CGY,G,5on4,2,459.0,0.04,0.0,1.0,0.02,0.0,0.12,0.0,0.73,1.0,0.23,2.0,0.25,0.0,0.54,1.0,0.04,1.0,0.0,0.0,0.04,0.0,0.0,0.0,0.0,0.0,0.0,0.0,0.0
8468685,2012,Henrik Lundqvist,NYR,G,other,43,3204.0,7.05,3.0,124.0,4.9,4.0,12.82,10.0,65.4,62.0,1.35,1.0,40.43,44.0,25.59,30.0,6.55,66.0,19.0,8.0,1.93,2.28,2.83,1.0,1.0,1.0,31.0,0.0,0.0
8468685,2012,Henrik Lundqvist,NYR,G,all,43,154434.0,96.69,88.0,2346.0,78.06,77.0,270.13,255.0,1176.83,1190.0,41.31,28.0,666.85,539.0,512.83,661.0,92.89,1319.0,257.0,87.0,35.84,31.49,29.36,33.0,23.0,32.0,683.0,0.0,0.0
8468685,2012,Henrik Lundqvist,NYR,G,5on5,43,125414.0,67.59,58.0,1828.0,57.07,60.0,216.49,201.0,903.11,909.0,33.6,22.0,511.39,418.0,392.87,506.0,65.2,1024.0,199.0,52.0,28.6,24.18,14.81,26.0,18.0,14.0,553.0,0.0,0.0
8468685,2012,Henrik Lundqvist,NYR,G,4on5,43,12260.0,18.61,25.0,308.0,13.73,13.0,32.94,38.0,159.18,168.0,0.84,0.0,98.36,69.0,56.17,74.0,17.71,172.0,29.0,24.0,3.97,3.69,10.95,5.0,4.0,16.0,83.0,0.0,0.0
8468685,2012,Henrik Lundqvist,NYR,G,5on4,43,13556.0,2.88,2.0,65.0,1.79,0.0,4.99,2.0,38.16,41.0,5.23,5.0,11.37,6.0,32.86,42.0,2.88,43.0,9.0,3.0,0.89,1.21,0.78,1.0,0.0,1.0,10.0,0.0,0.0
8473503,2012,James Reimer,TOR,G,other,33,2984.0,7.16,5.0,106.0,4.01,3.0,11.22,13.0,54.95,51.0,1.12,1.0,31.53,38.0,19.18,15.0,6.64,48.0,19.0,8.0,1.49,2.44,3.23,1.0,1.0,3.0,31.0,0.0,0.0
8473503,2012,James Reimer,TOR,G,all,33,111369.0,87.51,76.0,1980.0,68.78,66.0,240.85,257.0,1032.16,995.0,25.15,24.0,576.68,535.0,425.78,464.0,84.16,1076.0,288.0,71.0,30.92,34.76,21.83,22.0,38.0,16.0,545.0,0.0,0.0
8473503,2012,James Reimer,TOR,G,5on5,33,90364.0,67.48,61.0,1585.0,53.54,55.0,201.85,208.0,835.02,807.0,19.78,22.0,461.55,424.0,343.77,379.0,65.11,876.0,228.0,53.0,25.53,27.45,14.5,19.0,33.0,9.0,428.0,0.0,0.0
8473503,2012,James Reimer,TOR,G,4on5,33,8802.0,10.06,8.0,230.0,9.73,8.0,22.77,27.0,109.81,104.0,0.28,0.0,72.38,64.0,39.32,47.0,9.65,120.0,29.0,9.0,2.99,3.42,3.65,1.0,3.0,4.0,72.0,0.0,0.0
8473503,2012,James Reimer,TOR,G,5on4,33,9219.0,2.42,2.0,44.0,1.14,0.0,3.22,6.0,24.45,26.0,3.6,1.0,7.35,5.0,19.12,20.0,2.38,23.0,10.0,1.0,0.69,1.28,0.45,1.0,1.0,0.0,10.0,0.0,0.0
8475831,2012,Philipp Grubauer,WSH,G,other,2,45.0,0.0,0.0,0.0,0.0,0.0,0.0,0.0,0.0,0.0,0.03,0.0,0.0,0.0,0.0,0.0,0.0,0.0,0.0,0.0,0.0,0.0,0.0,0.0,0.0,0.0,0.0,0.0,0.0
8475831,2012,Philipp Grubauer,WSH,G,all,2,5038.0,7.09,5.0,100.0,4.03,4.0,11.62,16.0,53.59,59.0,0.93,0.0,29.74,26.0,20.51,23.0,6.38,44.0,24.0,7.0,1.58,2.91,2.6,1.0,1.0,3.0,25.0,0.0,0.0
8475831,2012,Philipp Grubauer,WSH,G,5on5,2,4203.0,3.93,2.0,70.0,2.62,2.0,8.24,13.0,36.86,38.0,0.86,0.0,21.05,20.0,15.76,16.0,3.75,33.0,16.0,4.0,1.01,1.85,1.07,0.0,1.0,1.0,17.0,0.0,0.0
8475831,2012,Philipp Grubauer,WSH,G,4on5,2,649.0,2.92,2.0,29.0,1.32,2.0,3.26,3.0,15.79,20.0,0.0,0.0,8.49,6.0,4.44,7.0,2.39,11.0,8.0,2.0,0.57,1.06,1.29,1.0,0.0,1.0,8.0,0.0,0.0
8475831,2012,Philipp Grubauer,WSH,G,5on4,2,141.0,0.24,1.0,1.0,0.1,0.0,0.12,0.0,0.94,1.0,0.04,0.0,0.21,0.0,0.31,0.0,0.24,0.0,0.0,1.0,0.0,0.0,0.24,0.0,0.0,1.0,0.0,0.0,0.0
8473461,2012,Steve Mason,PHI,G,other,20,1588.0,2.25,1.0,40.0,1.44,0.0,4.21,3.0,21.15,23.0,0.45,0.0,11.86,10.0,9.55,15.0,2.24,23.0,5.0,2.0,0.66,0.65,0.94,0.0,1.0,0.0,10.0,0.0,0.0
8473461,2012,Steve Mason,PHI,G,all,20,65409.0,42.43,47.0,996.0,36.53,31.0,121.26,105.0,536.81,561.0,15.71,17.0,304.17,243.0,226.48,297.0,41.57,597.0,118.0,33.0,17.66,14.03,10.75,21.0,15.0,11.0,248.0,0.0,0.0
8473461,2012,Steve Mason,PHI,G,5on5,20,51893.0,33.7,41.0,797.0,28.47,28.0,101.29,89.0,436.67,452.0,11.72,10.0,244.02,190.0,184.52,238.0,32.97,478.0,103.0,25.0,14.58,12.21,6.91,20.0,13.0,8.0,191.0,0.0,0.0
8473461,2012,Steve Mason,PHI,G,4on5,20,6287.0,5.61,4.0,140.0,6.08,3.0,14.17,13.0,67.84,72.0,0.53,2.0,44.84,41.0,24.14,33.0,5.49,84.0,8.0,5.0,2.15,0.9,2.56,1.0,0.0,3.0,43.0,0.0,0.0
8473461,2012,Steve Mason,PHI,G,5on4,20,5641.0,0.66,0.0,16.0,0.4,0.0,1.17,0.0,8.87,11.0,2.96,5.0,2.39,2.0,7.15,10.0,0.66,10.0,1.0,1.0,0.2,0.13,0.33,0.0,0.0,0.0,4.0,0.0,0.0
8474550,2012,Antti Niemi,S.J,G,other,43,3648.0,10.24,8.0,170.0,5.93,6.0,16.96,27.0,83.74,85.0,1.94,5.0,45.74,38.0,32.21,34.0,9.65,83.0,16.0,15.0,2.73,1.84,5.67,2.0,0.0,6.0,56.0,0.0,0.0
8474550,2012,Antti Niemi,S.J,G,all,43,154846.0,99.67,93.0,2441.0,83.8,79.0,287.81,384.0,1232.7,1220.0,43.88,34.0,687.19,511.0,520.78,619.0,96.65,1348.0,279.0,92.0,35.97,33.7,30.0,29.0,30.0,34.0,722.0,2.0,1.0
8474550,2012,Antti Niemi,S.J,G,5on5,43,126486.0,69.28,66.0,1893.0,61.53,58.0,231.79,303.0,953.46,942.0,33.89,26.0,533.89,390.0,406.09,494.0,67.68,1072.0,203.0,58.0,28.5,24.34,16.44,23.0,24.0,19.0,560.0,0.0,0.0
8474550,2012,Antti Niemi,S.J,G,4on5,43,11476.0,15.75,16.0,295.0,13.76,12.0,31.46,43.0,147.2,142.0,0.51,2.0,91.66,71.0,48.49,55.0,15.01,150.0,40.0,16.0,3.82,4.92,7.01,3.0,5.0,8.0,89.0,0.0,0.0
8474550,2012,Antti Niemi,S.J,G,5on4,43,13236.0,3.51,3.0,61.0,1.86,3.0,5.09,10.0,37.89,42.0,7.16,0.0,10.96,5.0,29.39,30.0,3.43,34.0,15.0,3.0,0.63,1.99,0.89,1.0,1.0,1.0,9.0,2.0,1.0
8462044,2012,Jean-Sebastien Giguere,COL,G,other,18,769.0,2.75,4.0,34.0,1.36,4.0,3.83,1.0,18.29,19.0,0.37,0.0,9.38,7.0,7.02,8.0,2.49,14.0,8.0,3.0,0.38,1.07,1.3,1.0,2.0,1.0,9.0,0.0,0.0
8462044,2012,Jean-Sebastien Giguere,COL,G,all,18,54470.0,38.04,43.0,857.0,31.67,36.0,102.11,106.0,450.83,469.0,13.22,10.0,253.48,197.0,189.33,236.0,36.61,481.0,118.0,30.0,13.49,14.63,9.92,15.0,18.0,10.0,228.0,4.0,2.0
8462044,2012,Jean-Sebastien Giguere,COL,G,5on5,18,45309.0,27.1,30.0,683.0,24.09,24.0,81.98,83.0,355.85,366.0,10.99,8.0,199.0,157.0,152.61,193.0,26.31,385.0,96.0,15.0,11.12,11.65,4.34,12.0,15.0,3.0,187.0,4.0,2.0
8462044,2012,Jean-Sebastien Giguere,COL,G,4on5,18,4536.0,7.24,8.0,117.0,5.58,8.0,13.93,19.0,63.51,69.0,0.35,1.0,39.61,30.0,21.55,24.0,6.86,67.0,12.0,11.0,1.54,1.66,4.04,1.0,1.0,6.0,27.0,0.0,0.0
8462044,2012,Jean-Sebastien Giguere,COL,G,5on4,18,3856.0,0.58,1.0,11.0,0.36,0.0,0.93,1.0,6.53,7.0,1.44,1.0,2.19,0.0,4.75,7.0,0.58,8.0,0.0,1.0,0.34,0.0,0.24,1.0,0.0,0.0,2.0,0.0,0.0
8468481,2012,Rick DiPietro,NYI,G,other,3,273.0,0.66,0.0,8.0,0.19,0.0,0.6,1.0,3.14,4.0,0.21,0.0,1.48,2.0,0.97,1.0,0.59,1.0,1.0,2.0,0.02,0.1,0.54,0.0,0.0,0.0,4.0,0.0,0.0
8468481,2012,Rick DiPietro,NYI,G,all,3,10536.0,7.46,12.0,169.0,5.79,7.0,21.0,15.0,89.74,83.0,2.85,2.0,48.01,35.0,35.97,49.0,7.27,88.0,26.0,7.0,2.31,3.03,2.13,4.0,5.0,3.0,48.0,0.0,0.0
8468481,2012,Rick DiPietro,NYI,G,5on5,3,8293.0,5.07,11.0,138.0,4.44,5.0,17.11,10.0,70.88,64.0,2.13,2.0,38.51,30.0,28.7,37.0,5.03,73.0,20.0,3.0,1.83,2.41,0.83,4.0,5.0,2.0,42.0,0.0,0.0
8468481,2012,Rick DiPietro,NYI,G,4on5,3,786.0,1.57,1.0,19.0,1.06,2.0,2.96,3.0,13.48,14.0,0.05,0.0,7.32,3.0,4.64,9.0,1.48,12.0,4.0,2.0,0.37,0.43,0.76,0.0,0.0,1.0,1.0,0.0,0.0
8468481,2012,Rick DiPietro,NYI,G,5on4,3,1184.0,0.17,0.0,4.0,0.1,0.0,0.33,1.0,2.23,1.0,0.45,0.0,0.69,0.0,1.65,2.0,0.17,2.0,1.0,0.0,0.08,0.09,0.0,0.0,0.0,0.0,1.0,0.0,0.0
8474690,2012,Kevin Poulin,NYI,G,other,5,257.0,0.52,0.0,9.0,0.35,0.0,1.13,1.0,5.94,6.0,0.09,0.0,3.64,5.0,2.18,1.0,0.47,6.0,1.0,1.0,0.11,0.17,0.25,0.0,0.0,0.0,1.0,0.0,0.0
8474690,2012,Kevin Poulin,NYI,G,all,5,15457.0,11.21,13.0,237.0,8.47,8.0,29.77,34.0,127.89,122.0,4.35,7.0,70.75,44.0,51.71,69.0,10.86,131.0,33.0,12.0,3.36,3.98,3.87,3.0,4.0,6.0,61.0,0.0,0.0
8474690,2012,Kevin Poulin,NYI,G,5on5,5,13026.0,7.67,9.0,187.0,6.08,5.0,23.48,28.0,98.13,90.0,3.55,7.0,53.3,27.0,41.38,61.0,7.49,106.0,21.0,8.0,2.95,2.55,2.17,3.0,3.0,3.0,52.0,0.0,0.0
8474690,2012,Kevin Poulin,NYI,G,4on5,5,1211.0,3.01,4.0,38.0,2.03,3.0,5.14,5.0,23.53,25.0,0.09,0.0,13.81,12.0,7.19,6.0,2.91,18.0,11.0,3.0,0.3,1.27,1.44,0.0,1.0,3.0,6.0,0.0,0.0
8474690,2012,Kevin Poulin,NYI,G,5on4,5,963.0,0.0,0.0,3.0,0.01,0.0,0.01,0.0,0.3,1.0,0.62,0.0,0.01,0.0,0.96,1.0,0.0,1.0,0.0,0.0,0.0,0.0,0.0,0.0,0.0,0.0,2.0,0.0,0.0
8469732,2012,Joey MacDonald,CGY,G,other,21,1298.0,1.92,2.0,30.0,1.08,1.0,3.23,7.0,15.39,16.0,0.32,0.0,8.88,6.0,5.24,4.0,1.87,14.0,4.0,3.0,0.39,0.49,1.04,0.0,1.0,1.0,9.0,0.0,0.0
8469732,2012,Joey MacDonald,CGY,G,all,21,67708.0,51.89,55.0,1053.0,39.76,51.0,133.84,140.0,569.07,563.0,16.42,13.0,312.76,245.0,227.29,283.0,49.47,586.0,142.0,56.0,16.26,17.71,17.91,14.0,20.0,21.0,269.0,0.0,0.0
8469732,2012,Joey MacDonald,CGY,G,5on5,21,53979.0,36.93,45.0,848.0,30.12,39.0,111.1,107.0,457.14,453.0,12.74,11.0,250.29,198.0,187.84,236.0,35.68,485.0,112.0,34.0,13.26,13.97,9.7,14.0,18.0,13.0,217.0,0.0,0.0
8469732,2012,Joey MacDonald,CGY,G,4on5,21,5935.0,11.97,8.0,153.0,7.9,11.0,17.39,25.0,83.19,84.0,0.33,0.0,48.63,38.0,24.42,30.0,10.87,71.0,25.0,17.0,2.14,3.16,6.67,0.0,1.0,7.0,40.0,0.0,0.0
8469732,2012,Joey MacDonald,CGY,G,5on4,21,6496.0,0.86,0.0,16.0,0.49,0.0,1.39,1.0,9.94,7.0,2.89,2.0,3.02,1.0,7.96,12.0,0.86,11.0,1.0,2.0,0.26,0.1,0.5,0.0,0.0,0.0,2.0,0.0,0.0
8460705,2012,Evgeni Nabokov,NYI,G,other,41,3657.0,7.59,7.0,106.0,4.4,3.0,11.65,10.0,58.38,59.0,1.7,2.0,32.88,35.0,20.5,21.0,6.9,48.0,22.0,9.0,1.7,2.77,3.13,1.0,3.0,3.0,27.0,0.0,0.0
8460705,2012,Evgeni Nabokov,NYI,G,all,41,148524.0,97.51,103.0,2266.0,80.08,69.0,259.63,248.0,1149.55,1139.0,41.2,55.0,654.86,457.0,487.77,714.0,94.29,1244.0,291.0,82.0,36.18,34.77,26.57,35.0,40.0,28.0,649.0,6.0,3.0
8460705,2012,Evgeni Nabokov,NYI,G,5on5,41,122758.0,73.22,76.0,1849.0,62.24,55.0,214.91,201.0,928.15,905.0,32.1,45.0,525.48,354.0,402.33,602.0,71.03,1016.0,238.0,54.0,29.86,28.04,15.32,29.0,34.0,13.0,541.0,4.0,2.0
8460705,2012,Evgeni Nabokov,NYI,G,4on5,41,10820.0,14.73,19.0,262.0,12.14,10.0,29.02,35.0,138.08,151.0,0.58,2.0,86.83,65.0,47.66,63.0,14.43,154.0,23.0,18.0,3.91,2.92,7.91,5.0,2.0,12.0,67.0,2.0,1.0
8460705,2012,Evgeni Nabokov,NYI,G,5on4,41,11289.0,1.22,0.0,32.0,0.69,1.0,2.05,0.0,15.0,13.0,6.38,6.0,4.61,1.0,11.97,19.0,1.19,15.0,5.0,1.0,0.29,0.72,0.2,0.0,0.0,0.0,11.0,0.0,0.0
8469548,2012,Ray Emery,CHI,G,other,21,1332.0,2.14,2.0,41.0,1.53,2.0,4.16,3.0,20.87,22.0,0.84,3.0,11.99,9.0,7.52,11.0,1.88,19.0,7.0,2.0,0.65,0.94,0.55,1.0,1.0,0.0,13.0,0.0,0.0
8469548,2012,Ray Emery,CHI,G,all,21,66960.0,42.22,36.0,893.0,31.8,38.0,101.81,92.0,453.72,460.0,18.37,11.0,246.8,172.0,182.67,274.0,40.31,458.0,115.0,47.0,13.07,14.13,15.02,12.0,12.0,12.0,273.0,0.0,0.0
8469548,2012,Ray Emery,CHI,G,5on5,21,54517.0,30.62,26.0,704.0,24.16,30.0,82.33,79.0,355.35,358.0,14.89,6.0,191.7,131.0,143.59,211.0,29.64,363.0,90.0,31.0,10.71,11.13,8.77,11.0,8.0,7.0,220.0,0.0,0.0
8469548,2012,Ray Emery,CHI,G,4on5,21,4937.0,7.71,6.0,111.0,5.02,4.0,12.73,10.0,59.91,63.0,0.36,0.0,36.77,30.0,19.87,34.0,7.11,60.0,12.0,12.0,1.15,1.37,5.2,0.0,2.0,4.0,27.0,0.0,0.0
8469548,2012,Ray Emery,CHI,G,5on4,21,6174.0,1.26,2.0,25.0,0.72,1.0,1.68,0.0,13.35,14.0,2.26,2.0,4.0,1.0,9.97,14.0,1.2,13.0,3.0,2.0,0.39,0.36,0.51,0.0,1.0,1.0,7.0,0.0,0.0
8471695,2012,Tuukka Rask,BOS,G,other,36,3040.0,7.09,4.0,90.0,3.75,2.0,9.1,9.0,48.65,50.0,1.42,2.0,28.02,21.0,17.44,30.0,6.94,40.0,17.0,10.0,1.24,1.92,3.92,0.0,0.0,4.0,23.0,0.0,0.0
8471695,2012,Tuukka Rask,BOS,G,all,36,126161.0,89.17,70.0,1830.0,66.93,55.0,223.8,260.0,983.05,980.0,36.04,30.0,541.17,388.0,404.88,552.0,86.66,1010.0,260.0,88.0,28.89,31.84,28.44,25.0,18.0,27.0,472.0,0.0,0.0
8471695,2012,Tuukka Rask,BOS,G,5on5,36,104091.0,66.32,50.0,1480.0,51.78,47.0,187.91,225.0,796.13,791.0,29.51,22.0,431.54,301.0,331.38,446.0,64.72,822.0,211.0,62.0,23.79,25.86,16.67,21.0,13.0,16.0,385.0,0.0,0.0
8471695,2012,Tuukka Rask,BOS,G,4on5,36,10412.0,13.67,14.0,221.0,10.27,5.0,23.72,23.0,117.14,113.0,0.83,0.0,75.36,60.0,39.24,58.0,12.92,126.0,25.0,15.0,3.1,3.06,7.51,4.0,3.0,7.0,55.0,0.0,0.0
8471695,2012,Tuukka Rask,BOS,G,5on4,36,8618.0,1.69,1.0,31.0,0.92,0.0,2.14,3.0,17.41,22.0,4.18,6.0,4.55,4.0,15.2,17.0,1.69,19.0,5.0,1.0,0.66,0.7,0.33,0.0,1.0,0.0,6.0,0.0,0.0
8474596,2012,Jake Allen,STL,G,other,15,972.0,1.31,1.0,19.0,0.71,0.0,2.2,3.0,11.15,11.0,0.44,0.0,6.09,4.0,4.28,4.0,1.29,10.0,3.0,2.0,0.25,0.33,0.73,0.0,0.0,1.0,4.0,0.0,0.0
8474596,2012,Jake Allen,STL,G,all,15,48233.0,30.87,33.0,715.0,24.68,26.0,81.33,82.0,352.63,346.0,12.13,12.0,192.9,172.0,143.48,161.0,29.79,359.0,89.0,37.0,9.71,10.66,10.5,8.0,10.0,15.0,230.0,0.0,0.0
8474596,2012,Jake Allen,STL,G,5on5,15,38434.0,23.61,26.0,565.0,18.57,20.0,66.66,67.0,280.55,277.0,9.16,10.0,151.27,134.0,115.55,130.0,22.8,290.0,69.0,26.0,8.29,8.24,7.08,7.0,8.0,11.0,180.0,0.0,0.0
8474596,2012,Jake Allen,STL,G,4on5,15,3753.0,4.27,5.0,112.0,4.7,5.0,10.46,9.0,48.95,44.0,0.11,0.0,31.71,31.0,16.23,19.0,4.1,49.0,15.0,5.0,0.98,1.75,1.54,1.0,2.0,2.0,43.0,0.0,0.0
8474596,2012,Jake Allen,STL,G,5on4,15,5074.0,1.14,1.0,13.0,0.45,1.0,1.21,2.0,8.19,9.0,2.38,2.0,2.17,3.0,5.79,4.0,1.08,7.0,1.0,3.0,0.1,0.16,0.87,0.0,0.0,1.0,2.0,0.0,0.0
8473541,2012,Jonathan Bernier,L.A,G,other,14,1302.0,0.65,2.0,20.0,0.62,0.0,1.78,0.0,8.87,7.0,0.41,1.0,5.93,4.0,3.73,7.0,0.65,10.0,3.0,0.0,0.32,0.34,0.0,0.0,2.0,0.0,7.0,0.0,0.0
8473541,2012,Jonathan Bernier,L.A,G,all,14,46101.0,24.96,24.0,597.0,23.04,25.0,77.12,79.0,326.39,306.0,11.63,10.0,188.41,159.0,132.49,150.0,24.28,358.0,81.0,18.0,10.53,9.54,4.89,7.0,14.0,3.0,140.0,0.0,0.0
8473541,2012,Jonathan Bernier,L.A,G,5on5,14,38114.0,19.24,15.0,461.0,16.79,21.0,61.19,62.0,254.17,241.0,9.77,6.0,142.98,117.0,106.31,121.0,18.78,278.0,63.0,14.0,8.09,7.52,3.63,4.0,10.0,1.0,106.0,0.0,0.0
8473541,2012,Jonathan Bernier,L.A,G,4on5,14,3752.0,4.43,7.0,107.0,5.27,4.0,12.99,15.0,56.47,53.0,0.14,1.0,36.99,38.0,18.29,15.0,4.22,63.0,14.0,3.0,1.82,1.57,1.04,3.0,2.0,2.0,27.0,0.0,0.0
8473541,2012,Jonathan Bernier,L.A,G,5on4,14,2933.0,0.55,0.0,6.0,0.24,0.0,0.71,1.0,4.74,3.0,1.25,2.0,1.37,0.0,2.99,5.0,0.55,4.0,1.0,1.0,0.22,0.12,0.22,0.0,0.0,0.0,0.0,0.0,0.0
8474651,2012,Braden Holtby,WSH,G,other,36,3200.0,9.15,8.0,107.0,4.03,5.0,10.97,11.0,57.36,54.0,1.16,1.0,33.05,35.0,21.91,21.0,8.04,51.0,18.0,12.0,1.76,2.16,5.24,2.0,3.0,3.0,26.0,0.0,0.0
8474651,2012,Braden Holtby,WSH,G,all,36,125354.0,92.77,90.0,2027.0,74.21,83.0,239.59,268.0,1064.03,1123.0,31.59,29.0,600.29,459.0,439.12,544.0,89.23,1113.0,278.0,89.0,31.2,34.03,27.54,36.0,30.0,24.0,547.0,2.0,1.0
8474651,2012,Braden Holtby,WSH,G,5on5,36,100843.0,64.71,61.0,1567.0,53.98,61.0,191.56,227.0,816.41,871.0,24.63,22.0,457.22,345.0,341.38,411.0,62.94,870.0,209.0,56.0,24.78,25.11,14.82,29.0,20.0,12.0,432.0,2.0,1.0
8474651,2012,Braden Holtby,WSH,G,4on5,36,10561.0,15.51,20.0,297.0,14.49,14.0,32.85,29.0,157.62,166.0,0.6,2.0,100.24,74.0,51.86,80.0,14.94,163.0,38.0,19.0,3.76,4.83,6.92,5.0,6.0,9.0,77.0,0.0,0.0
8474651,2012,Braden Holtby,WSH,G,5on4,36,10750.0,3.4,1.0,56.0,1.73,3.0,4.19,1.0,32.65,32.0,5.13,4.0,9.78,5.0,23.97,32.0,3.31,29.0,13.0,2.0,0.9,1.93,0.57,0.0,1.0,0.0,12.0,0.0,0.0
8470320,2012,Cam Ward,CAR,G,other,17,1978.0,4.27,3.0,63.0,2.39,2.0,6.93,10.0,32.55,29.0,0.83,1.0,18.03,17.0,12.11,12.0,3.97,23.0,15.0,7.0,0.75,1.93,1.58,0.0,3.0,0.0,18.0,0.0,0.0
8470320,2012,Cam Ward,CAR,G,all,17,55767.0,41.47,44.0,898.0,32.26,31.0,111.05,105.0,479.28,477.0,15.65,18.0,267.42,217.0,198.41,262.0,39.84,492.0,140.0,35.0,14.55,16.56,10.36,14.0,20.0,10.0,231.0,0.0,0.0
8470320,2012,Cam Ward,CAR,G,5on5,17,42758.0,28.15,29.0,683.0,23.53,23.0,86.59,79.0,363.2,354.0,11.82,14.0,201.96,156.0,153.58,213.0,27.25,388.0,99.0,19.0,11.6,11.48,5.07,12.0,11.0,6.0,177.0,0.0,0.0
8470320,2012,Cam Ward,CAR,G,4on5,17,4966.0,7.85,11.0,131.0,5.79,5.0,15.73,13.0,71.3,81.0,0.31,0.0,43.66,39.0,23.39,30.0,7.43,69.0,23.0,7.0,1.94,2.88,3.02,2.0,5.0,4.0,32.0,0.0,0.0
8470320,2012,Cam Ward,CAR,G,5on4,17,6065.0,1.21,1.0,21.0,0.55,1.0,1.79,3.0,12.22,13.0,2.68,3.0,3.77,5.0,9.33,7.0,1.18,12.0,3.0,2.0,0.25,0.27,0.69,0.0,1.0,0.0,4.0,0.0,0.0
8469514,2012,Peter Budaj,MTL,G,other,13,1386.0,2.79,3.0,38.0,1.93,3.0,5.12,4.0,24.37,22.0,0.43,1.0,13.49,13.0,8.85,10.0,2.52,22.0,8.0,3.0,0.88,1.04,0.87,1.0,0.0,2.0,5.0,0.0,0.0
8469514,2012,Peter Budaj,MTL,G,all,13,39389.0,21.26,25.0,545.0,18.38,13.0,65.83,45.0,279.71,274.0,10.87,9.0,158.97,140.0,116.5,157.0,20.42,307.0,68.0,15.0,8.81,8.34,4.11,9.0,11.0,5.0,155.0,0.0,0.0
8469514,2012,Peter Budaj,MTL,G,5on5,13,29001.0,12.56,16.0,392.0,11.57,7.0,48.69,31.0,196.75,194.0,8.05,6.0,111.48,101.0,84.37,115.0,12.25,232.0,36.0,7.0,6.26,4.25,2.06,6.0,9.0,1.0,117.0,0.0,0.0
8469514,2012,Peter Budaj,MTL,G,4on5,13,4452.0,4.49,5.0,92.0,4.21,3.0,10.34,8.0,46.22,46.0,0.2,0.0,29.7,22.0,14.68,24.0,4.23,43.0,18.0,4.0,1.38,2.16,0.95,2.0,2.0,1.0,27.0,0.0,0.0
8469514,2012,Peter Budaj,MTL,G,5on4,13,4550.0,1.14,1.0,17.0,0.48,0.0,1.21,0.0,9.54,8.0,2.11,2.0,2.74,2.0,7.19,8.0,1.14,7.0,5.0,1.0,0.15,0.75,0.24,0.0,0.0,1.0,4.0,0.0,0.0
8470657,2012,Jimmy Howard,DET,G,other,42,3982.0,7.55,8.0,96.0,3.41,2.0,9.28,8.0,47.81,44.0,1.51,2.0,27.19,14.0,15.72,31.0,7.27,36.0,19.0,10.0,1.4,2.15,4.0,1.0,1.0,6.0,31.0,0.0,0.0
8470657,2012,Jimmy Howard,DET,G,all,42,146744.0,97.46,87.0,1969.0,75.39,80.0,239.37,252.0,1075.89,1129.0,38.56,62.0,596.39,454.0,451.52,580.0,94.42,1130.0,272.0,94.0,31.6,32.73,33.13,21.0,35.0,31.0,473.0,0.0,0.0
8470657,2012,Jimmy Howard,DET,G,5on5,42,115526.0,65.53,52.0,1495.0,54.53,63.0,190.62,213.0,818.38,866.0,29.33,50.0,450.34,336.0,345.71,435.0,63.67,878.0,199.0,57.0,25.53,23.92,16.08,14.0,26.0,12.0,361.0,0.0,0.0
8470657,2012,Jimmy Howard,DET,G,4on5,42,12477.0,20.88,22.0,320.0,15.63,13.0,34.6,24.0,172.85,176.0,0.68,1.0,108.21,99.0,58.99,81.0,20.0,177.0,44.0,23.0,3.71,5.33,11.85,5.0,4.0,13.0,76.0,0.0,0.0
8470657,2012,Jimmy Howard,DET,G,5on4,42,14759.0,3.39,5.0,53.0,1.71,2.0,4.42,7.0,34.78,40.0,6.96,8.0,9.62,2.0,29.86,33.0,3.37,36.0,10.0,4.0,0.86,1.33,1.19,1.0,4.0,0.0,3.0,0.0,0.0
8473972,2012,Jonas Hiller,ANA,G,other,26,3014.0,4.1,4.0,64.0,2.73,3.0,6.42,7.0,33.22,35.0,0.73,2.0,18.66,16.0,12.9,14.0,3.97,30.0,12.0,4.0,1.13,1.58,1.4,2.0,1.0,1.0,18.0,0.0,0.0
8473972,2012,Jonas Hiller,ANA,G,all,26,89899.0,57.74,59.0,1384.0,50.68,47.0,156.2,163.0,704.81,675.0,21.56,20.0,410.49,324.0,299.51,374.0,56.28,786.0,175.0,37.0,22.77,21.52,13.44,22.0,25.0,12.0,386.0,2.0,1.0
8473972,2012,Jonas Hiller,ANA,G,5on5,26,72490.0,37.12,31.0,1063.0,35.93,31.0,122.06,126.0,532.65,499.0,16.72,14.0,310.87,256.0,232.42,293.0,36.49,618.0,123.0,15.0,17.95,15.09,4.09,14.0,15.0,2.0,307.0,2.0,1.0
8473972,2012,Jonas Hiller,ANA,G,4on5,26,7941.0,14.53,20.0,223.0,10.78,13.0,24.82,30.0,118.53,121.0,0.72,0.0,73.97,46.0,40.89,51.0,13.84,122.0,30.0,17.0,3.09,3.7,7.73,6.0,5.0,9.0,54.0,0.0,0.0
8473972,2012,Jonas Hiller,ANA,G,5on4,26,6454.0,1.53,3.0,26.0,0.82,0.0,1.59,0.0,14.26,15.0,3.27,4.0,4.18,3.0,10.49,13.0,1.53,12.0,6.0,1.0,0.52,0.79,0.23,0.0,3.0,0.0,7.0,0.0,0.0
8468038,2012,Michael Leighton,PHI,G,other,1,16.0,0.0,0.0,0.0,0.0,0.0,0.0,0.0,0.0,0.0,0.0,0.0,0.0,0.0,0.0,0.0,0.0,0.0,0.0,0.0,0.0,0.0,0.0,0.0,0.0,0.0,0.0,0.0,0.0
8468038,2012,Michael Leighton,PHI,G,all,1,3548.0,2.33,5.0,40.0,1.5,1.0,5.35,4.0,22.91,26.0,0.96,1.0,12.39,10.0,9.68,11.0,2.29,20.0,11.0,1.0,0.73,1.21,0.39,1.0,3.0,1.0,8.0,0.0,0.0
8468038,2012,Michael Leighton,PHI,G,5on5,1,2517.0,1.58,3.0,31.0,1.1,1.0,4.48,4.0,18.0,21.0,0.67,0.0,9.62,7.0,7.61,9.0,1.56,19.0,5.0,1.0,0.66,0.54,0.39,1.0,1.0,1.0,6.0,0.0,0.0
8468038,2012,Michael Leighton,PHI,G,4on5,1,415.0,0.66,2.0,8.0,0.35,0.0,0.8,0.0,4.43,5.0,0.02,0.0,2.53,3.0,1.53,1.0,0.65,1.0,5.0,0.0,0.07,0.58,0.0,0.0,2.0,0.0,2.0,0.0,0.0
8468038,2012,Michael Leighton,PHI,G,5on4,1,600.0,0.09,0.0,1.0,0.04,0.0,0.07,0.0,0.48,0.0,0.28,1.0,0.23,0.0,0.54,1.0,0.09,0.0,1.0,0.0,0.0,0.09,0.0,0.0,0.0,0.0,0.0,0.0,0.0
8470860,2012,Jaroslav Halak,STL,G,other,16,1671.0,2.51,2.0,38.0,1.55,3.0,4.27,5.0,19.91,20.0,0.36,0.0,9.94,9.0,7.09,7.0,2.21,16.0,6.0,4.0,0.63,0.74,1.13,1.0,1.0,0.0,12.0,0.0,0.0
8470860,2012,Jaroslav Halak,STL,G,all,16,48755.0,23.8,29.0,608.0,20.64,17.0,69.69,57.0,298.16,286.0,12.72,11.0,165.45,121.0,123.61,177.0,23.0,321.0,74.0,18.0,9.62,9.17,5.01,10.0,13.0,6.0,195.0,0.0,0.0
8470860,2012,Jaroslav Halak,STL,G,5on5,16,38801.0,17.46,20.0,467.0,14.98,14.0,56.05,44.0,230.7,220.0,10.2,9.0,125.87,89.0,96.06,140.0,17.0,255.0,50.0,13.0,7.66,6.15,3.66,7.0,7.0,6.0,149.0,0.0,0.0
8470860,2012,Jaroslav Halak,STL,G,4on5,16,4328.0,2.94,5.0,89.0,3.65,0.0,8.32,7.0,38.66,39.0,0.22,0.0,26.86,21.0,13.91,23.0,2.9,43.0,13.0,1.0,1.09,1.63,0.22,2.0,3.0,0.0,32.0,0.0,0.0
8470860,2012,Jaroslav Halak,STL,G,5on4,16,3955.0,0.89,2.0,14.0,0.47,0.0,1.05,1.0,8.9,7.0,1.93,2.0,2.79,2.0,6.56,7.0,0.89,7.0,5.0,0.0,0.24,0.65,0.0,0.0,2.0,0.0,2.0,0.0,0.0
8462147,2012,Miikka Kiprusoff,CGY,G,other,24,1852.0,3.25,4.0,39.0,1.77,1.0,4.24,7.0,23.43,25.0,0.55,0.0,13.17,8.0,8.85,10.0,2.96,21.0,6.0,5.0,0.65,0.69,1.91,0.0,2.0,2.0,7.0,0.0,0.0
8462147,2012,Miikka Kiprusoff,CGY,G,all,24,80645.0,56.32,77.0,1252.0,45.05,41.0,152.92,169.0,664.56,650.0,19.92,8.0,376.82,305.0,275.8,325.0,54.69,718.0,156.0,54.0,19.13,18.33,18.86,23.0,29.0,25.0,324.0,0.0,0.0
8462147,2012,Miikka Kiprusoff,CGY,G,5on5,24,66423.0,42.37,59.0,1043.0,36.15,37.0,131.9,142.0,556.69,536.0,16.87,7.0,312.17,254.0,232.72,274.0,41.14,604.0,134.0,35.0,16.48,15.8,10.09,20.0,24.0,15.0,270.0,0.0,0.0
8462147,2012,Miikka Kiprusoff,CGY,G,4on5,24,6086.0,9.57,13.0,153.0,6.62,3.0,15.51,19.0,74.4,78.0,0.34,0.0,48.73,40.0,26.19,33.0,9.45,83.0,14.0,12.0,1.77,1.55,6.25,3.0,2.0,8.0,44.0,0.0,0.0
8462147,2012,Miikka Kiprusoff,CGY,G,5on4,24,6284.0,1.13,1.0,17.0,0.51,0.0,1.28,1.0,10.04,11.0,2.16,1.0,2.75,3.0,8.04,8.0,1.13,10.0,2.0,2.0,0.23,0.29,0.6,0.0,1.0,0.0,3.0,0.0,0.0
8462047,2012,Martin Biron,NYR,G,other,6,570.0,1.36,1.0,30.0,1.17,1.0,2.49,6.0,12.86,11.0,0.14,0.0,7.99,7.0,4.54,3.0,1.27,13.0,3.0,2.0,0.45,0.33,0.59,1.0,0.0,0.0,12.0,0.0,0.0
8462047,2012,Martin Biron,NYR,G,all,6,20142.0,14.44,13.0,321.0,11.96,10.0,37.01,47.0,166.23,156.0,5.5,4.0,94.23,86.0,69.1,68.0,13.9,162.0,60.0,10.0,4.87,7.05,2.52,6.0,7.0,0.0,89.0,0.0,0.0
8462047,2012,Martin Biron,NYR,G,5on5,6,17300.0,10.28,9.0,253.0,8.78,6.0,29.86,37.0,130.31,125.0,4.84,4.0,73.86,65.0,54.19,57.0,10.04,133.0,43.0,5.0,3.85,5.19,1.24,3.0,6.0,0.0,72.0,0.0,0.0
8462047,2012,Martin Biron,NYR,G,4on5,6,1007.0,2.4,3.0,32.0,1.81,3.0,4.13,2.0,19.07,16.0,0.02,0.0,11.18,12.0,6.82,6.0,2.19,13.0,11.0,3.0,0.51,1.2,0.69,2.0,1.0,0.0,5.0,0.0,0.0
8462047,2012,Martin Biron,NYR,G,5on4,6,1265.0,0.4,0.0,6.0,0.2,0.0,0.52,2.0,3.99,4.0,0.49,0.0,1.2,2.0,3.55,2.0,0.4,3.0,3.0,0.0,0.06,0.34,0.0,0.0,0.0,0.0,0.0,0.0,0.0
8471219,2012,Al Montoya,WPG,G,other,7,690.0,1.08,0.0,17.0,0.77,0.0,1.63,1.0,8.97,8.0,0.28,1.0,7.0,8.0,3.14,4.0,1.05,6.0,8.0,0.0,0.2,0.88,0.0,0.0,0.0,0.0,3.0,0.0,0.0
8471219,2012,Al Montoya,WPG,G,all,7,21081.0,14.74,17.0,339.0,12.48,7.0,41.03,33.0,180.78,168.0,5.78,11.0,105.27,97.0,73.72,86.0,14.52,184.0,61.0,8.0,4.86,7.17,2.72,5.0,8.0,4.0,86.0,0.0,0.0
8471219,2012,Al Montoya,WPG,G,5on5,7,17421.0,11.42,13.0,290.0,10.22,7.0,36.05,31.0,153.13,139.0,4.81,8.0,86.95,75.0,63.54,75.0,11.29,159.0,49.0,5.0,4.23,5.91,1.28,5.0,7.0,1.0,77.0,0.0,0.0
8471219,2012,Al Montoya,WPG,G,4on5,7,1575.0,2.0,3.0,28.0,1.31,0.0,2.96,1.0,15.58,18.0,0.16,0.0,10.33,14.0,4.9,4.0,1.95,17.0,2.0,3.0,0.36,0.21,1.43,0.0,0.0,3.0,6.0,0.0,0.0
8471219,2012,Al Montoya,WPG,G,5on4,7,1395.0,0.23,1.0,4.0,0.19,0.0,0.38,0.0,3.11,3.0,0.53,2.0,0.98,0.0,2.13,3.0,0.23,2.0,2.0,0.0,0.06,0.17,0.0,0.0,1.0,0.0,0.0,0.0,0.0
8471227,2012,Devan Dubnyk,EDM,G,other,38,3096.0,7.55,7.0,114.0,4.96,3.0,12.69,15.0,64.23,60.0,1.56,2.0,36.49,34.0,24.15,27.0,6.79,54.0,28.0,6.0,1.74,3.48,2.32,3.0,3.0,1.0,26.0,0.0,0.0
8471227,2012,Devan Dubnyk,EDM,G,all,38,126057.0,101.82,90.0,2122.0,80.02,71.0,254.76,242.0,1135.38,1133.0,29.23,30.0,633.38,486.0,468.79,651.0,98.25,1172.0,318.0,85.0,35.97,38.02,27.82,33.0,27.0,30.0,547.0,0.0,0.0
8471227,2012,Devan Dubnyk,EDM,G,5on5,38,99883.0,72.17,66.0,1615.0,57.33,54.0,200.66,186.0,865.57,861.0,23.17,20.0,474.43,352.0,363.85,509.0,70.35,903.0,236.0,57.0,28.47,28.18,15.51,28.0,22.0,16.0,419.0,0.0,0.0
8471227,2012,Devan Dubnyk,EDM,G,4on5,38,11979.0,19.49,17.0,346.0,16.42,14.0,38.04,37.0,180.15,192.0,0.51,0.0,114.33,98.0,60.95,87.0,18.49,192.0,44.0,19.0,5.1,5.25,9.14,2.0,2.0,13.0,91.0,0.0,0.0
8471227,2012,Devan Dubnyk,EDM,G,5on4,38,11099.0,2.56,0.0,42.0,1.28,0.0,3.22,4.0,24.73,19.0,3.93,8.0,7.77,2.0,19.46,28.0,2.56,22.0,10.0,3.0,0.61,1.1,0.85,0.0,0.0,0.0,7.0,0.0,0.0
8471469,2012,Pekka Rinne,NSH,G,other,43,3185.0,6.58,8.0,115.0,3.85,4.0,13.78,13.0,62.67,67.0,1.42,1.0,33.8,24.0,26.0,35.0,6.47,67.0,13.0,6.0,2.16,1.58,2.84,1.0,2.0,5.0,29.0,2.0,1.0
8471469,2012,Pekka Rinne,NSH,G,all,43,145426.0,86.14,99.0,2162.0,74.63,50.0,255.93,274.0,1111.73,1101.0,32.14,35.0,633.24,499.0,467.65,602.0,83.33,1250.0,239.0,64.0,34.89,27.84,23.41,32.0,38.0,29.0,609.0,8.0,4.0
8471469,2012,Pekka Rinne,NSH,G,5on5,43,120583.0,60.12,65.0,1750.0,58.38,39.0,214.26,233.0,902.39,885.0,26.13,29.0,512.88,406.0,384.43,490.0,58.7,1038.0,188.0,33.0,28.96,22.02,9.14,25.0,27.0,13.0,491.0,6.0,3.0
8471469,2012,Pekka Rinne,NSH,G,4on5,43,10537.0,17.72,22.0,263.0,11.4,7.0,25.3,26.0,128.21,131.0,0.4,2.0,80.4,65.0,42.2,60.0,16.44,125.0,33.0,23.0,3.39,3.58,10.75,4.0,7.0,11.0,82.0,0.0,0.0
8471469,2012,Pekka Rinne,NSH,G,5on4,43,11121.0,1.58,4.0,27.0,0.72,0.0,2.06,1.0,15.63,15.0,4.1,3.0,4.42,3.0,13.8,15.0,1.58,17.0,4.0,2.0,0.35,0.55,0.69,2.0,2.0,0.0,4.0,0.0,0.0
8475852,2012,Petr Mrazek,DET,G,other,2,234.0,0.21,0.0,4.0,0.18,0.0,0.44,0.0,2.12,1.0,0.08,0.0,1.39,3.0,0.7,0.0,0.19,2.0,1.0,0.0,0.12,0.09,0.0,0.0,0.0,0.0,1.0,0.0,0.0
8475852,2012,Petr Mrazek,DET,G,all,2,7149.0,3.11,4.0,96.0,3.37,2.0,13.23,11.0,53.94,51.0,1.93,1.0,31.18,24.0,23.38,34.0,3.04,65.0,10.0,1.0,1.74,1.16,0.2,1.0,2.0,1.0,20.0,0.0,0.0
8475852,2012,Petr Mrazek,DET,G,5on5,2,6000.0,2.42,3.0,83.0,2.79,2.0,11.82,10.0,46.99,46.0,1.61,1.0,26.79,19.0,20.7,31.0,2.37,57.0,9.0,0.0,1.34,1.08,0.0,1.0,2.0,0.0,17.0,0.0,0.0
8475852,2012,Petr Mrazek,DET,G,4on5,2,429.0,0.41,1.0,8.0,0.37,0.0,0.88,1.0,4.07,4.0,0.02,0.0,2.79,2.0,1.42,2.0,0.4,5.0,0.0,1.0,0.2,0.0,0.2,0.0,0.0,1.0,2.0,0.0,0.0
8475852,2012,Petr Mrazek,DET,G,5on4,2,486.0,0.08,0.0,1.0,0.03,0.0,0.1,0.0,0.76,0.0,0.22,0.0,0.2,0.0,0.57,1.0,0.08,1.0,0.0,0.0,0.08,0.0,0.0,0.0,0.0,0.0,0.0,0.0,0.0
8473434,2012,Chad Johnson,ARI,G,other,4,518.0,1.15,1.0,16.0,0.48,0.0,1.51,2.0,7.82,9.0,0.18,0.0,4.26,3.0,3.37,5.0,1.03,8.0,2.0,1.0,0.29,0.19,0.67,0.0,0.0,1.0,5.0,0.0,0.0
8473434,2012,Chad Johnson,ARI,G,all,4,14797.0,9.2,5.0,214.0,7.65,7.0,25.98,25.0,114.35,108.0,3.76,3.0,64.99,50.0,48.59,70.0,8.96,131.0,23.0,6.0,3.63,2.57,3.0,1.0,1.0,3.0,54.0,0.0,0.0
8473434,2012,Chad Johnson,ARI,G,5on5,4,11608.0,5.91,2.0,170.0,5.99,6.0,22.25,22.0,93.22,86.0,2.96,3.0,53.47,43.0,40.42,57.0,5.8,109.0,20.0,2.0,3.17,2.27,0.47,1.0,1.0,0.0,39.0,0.0,0.0
8473434,2012,Chad Johnson,ARI,G,4on5,4,1303.0,1.35,1.0,22.0,1.03,1.0,1.88,1.0,10.11,10.0,0.07,0.0,6.34,4.0,3.08,6.0,1.34,12.0,0.0,2.0,0.11,0.0,1.24,0.0,0.0,1.0,8.0,0.0,0.0
8473434,2012,Chad Johnson,ARI,G,5on4,4,1368.0,0.05,0.0,2.0,0.04,0.0,0.17,0.0,1.49,1.0,0.52,0.0,0.46,0.0,1.25,1.0,0.05,2.0,0.0,0.0,0.05,0.0,0.0,0.0,0.0,0.0,0.0,0.0,0.0
8473414,2012,Leland Irving,CGY,G,other,6,328.0,0.94,0.0,14.0,0.66,1.0,1.63,1.0,8.57,9.0,0.04,0.0,4.94,9.0,3.57,1.0,0.87,10.0,1.0,1.0,0.39,0.15,0.4,0.0,0.0,0.0,2.0,0.0,0.0
8473414,2012,Leland Irving,CGY,G,all,6,16204.0,11.17,15.0,236.0,8.82,6.0,27.46,34.0,122.41,128.0,3.8,5.0,68.74,65.0,49.84,47.0,10.83,128.0,28.0,14.0,3.14,3.29,4.74,4.0,5.0,6.0,66.0,0.0,0.0
8473414,2012,Leland Irving,CGY,G,5on5,6,13260.0,6.69,11.0,172.0,5.7,3.0,19.77,23.0,85.75,87.0,3.23,5.0,48.35,46.0,36.63,34.0,6.5,91.0,20.0,9.0,2.07,2.32,2.3,3.0,4.0,4.0,52.0,0.0,0.0
8473414,2012,Leland Irving,CGY,G,4on5,6,1599.0,2.97,4.0,43.0,2.23,1.0,5.55,10.0,25.02,29.0,0.04,0.0,14.54,9.0,8.01,10.0,2.92,26.0,5.0,3.0,0.65,0.59,1.73,1.0,1.0,2.0,9.0,0.0,0.0
8473414,2012,Leland Irving,CGY,G,5on4,6,1017.0,0.5,0.0,3.0,0.17,1.0,0.41,0.0,2.32,2.0,0.45,0.0,0.57,1.0,1.25,1.0,0.45,1.0,1.0,1.0,0.03,0.14,0.32,0.0,0.0,0.0,0.0,0.0,0.0
8468524,2012,Ilya Bryzgalov,PHI,G,other,40,5245.0,9.19,8.0,148.0,5.6,7.0,14.89,13.0,72.57,70.0,1.86,2.0,38.75,26.0,25.95,41.0,8.68,55.0,33.0,9.0,1.85,4.36,2.98,1.0,4.0,3.0,51.0,0.0,0.0
8468524,2012,Ilya Bryzgalov,PHI,G,all,40,137865.0,104.26,107.0,2211.0,77.62,75.0,256.53,247.0,1128.3,1066.0,34.44,35.0,627.97,516.0,464.12,584.0,100.65,1153.0,324.0,90.0,36.09,39.07,29.11,31.0,44.0,32.0,644.0,0.0,0.0
8468524,2012,Ilya Bryzgalov,PHI,G,5on5,40,106868.0,73.54,76.0,1713.0,57.47,60.0,208.48,195.0,881.72,820.0,25.51,27.0,488.49,406.0,369.69,459.0,71.61,927.0,245.0,54.0,30.11,29.41,14.03,27.0,34.0,15.0,487.0,0.0,0.0
8468524,2012,Ilya Bryzgalov,PHI,G,4on5,40,13115.0,18.85,21.0,301.0,13.3,7.0,29.71,34.0,148.67,149.0,1.01,1.0,93.32,76.0,49.01,66.0,17.8,148.0,37.0,24.0,3.49,4.2,11.15,3.0,4.0,14.0,92.0,0.0,0.0
8468524,2012,Ilya Bryzgalov,PHI,G,5on4,40,12637.0,2.68,2.0,49.0,1.26,1.0,3.45,5.0,25.32,27.0,6.06,5.0,7.42,8.0,19.47,18.0,2.57,23.0,9.0,3.0,0.64,1.1,0.94,0.0,2.0,0.0,14.0,0.0,0.0
8471734,2012,Jonathan Quick,L.A,G,other,37,4639.0,10.07,7.0,114.0,5.35,7.0,13.66,11.0,68.08,63.0,2.21,1.0,37.68,33.0,22.55,32.0,9.29,46.0,35.0,11.0,1.34,4.55,4.17,0.0,3.0,4.0,22.0,0.0,0.0
8471734,2012,Jonathan Quick,L.A,G,all,37,128022.0,78.97,87.0,1629.0,63.27,59.0,206.13,203.0,905.96,889.0,35.63,35.0,506.62,413.0,373.59,450.0,76.29,952.0,242.0,64.0,27.88,30.13,20.96,34.0,29.0,24.0,371.0,2.0,1.0
8471734,2012,Jonathan Quick,L.A,G,5on5,37,101463.0,55.05,64.0,1228.0,44.91,43.0,161.24,168.0,687.79,688.0,27.84,28.0,380.33,311.0,289.62,334.0,53.58,741.0,171.0,41.0,22.67,21.09,11.3,30.0,20.0,14.0,275.0,2.0,1.0
8471734,2012,Jonathan Quick,L.A,G,4on5,37,10850.0,13.13,15.0,259.0,12.32,9.0,28.51,21.0,133.95,122.0,0.71,0.0,83.56,67.0,46.16,66.0,12.72,142.0,34.0,12.0,3.47,4.17,5.49,3.0,6.0,6.0,71.0,0.0,0.0
8471734,2012,Jonathan Quick,L.A,G,5on4,37,11070.0,0.46,1.0,24.0,0.49,0.0,1.88,1.0,12.99,12.0,4.84,6.0,3.79,1.0,13.94,17.0,0.46,20.0,1.0,0.0,0.33,0.13,0.0,1.0,0.0,0.0,3.0,0.0,0.0
8473607,2012,Michal Neuvirth,WSH,G,other,13,1383.0,4.43,4.0,59.0,1.89,1.0,4.75,9.0,25.25,27.0,0.41,0.0,13.89,12.0,8.11,7.0,4.26,19.0,10.0,5.0,0.73,1.39,2.3,1.0,0.0,3.0,25.0,0.0,0.0
8473607,2012,Michal Neuvirth,WSH,G,all,13,43388.0,31.53,33.0,690.0,25.08,25.0,86.04,117.0,362.19,367.0,10.32,15.0,201.13,148.0,141.67,164.0,30.66,379.0,91.0,28.0,10.67,10.91,9.94,12.0,8.0,13.0,192.0,0.0,0.0
8473607,2012,Michal Neuvirth,WSH,G,5on5,13,34845.0,20.38,23.0,517.0,17.61,14.0,67.36,91.0,273.02,274.0,8.26,13.0,151.58,112.0,111.27,131.0,19.86,294.0,67.0,16.0,8.16,7.86,4.35,10.0,6.0,7.0,140.0,0.0,0.0
8473607,2012,Michal Neuvirth,WSH,G,4on5,13,3870.0,5.74,6.0,106.0,5.15,9.0,13.15,17.0,57.79,61.0,0.2,1.0,33.94,21.0,18.38,23.0,5.58,62.0,12.0,5.0,1.58,1.37,2.8,1.0,2.0,3.0,27.0,0.0,0.0
8473607,2012,Michal Neuvirth,WSH,G,5on4,13,3290.0,0.98,0.0,8.0,0.42,1.0,0.78,0.0,6.13,5.0,1.46,1.0,1.72,3.0,3.91,3.0,0.95,4.0,2.0,2.0,0.2,0.3,0.49,0.0,0.0,0.0,0.0,0.0,0.0
8475680,2012,Jussi Rynnas,TOR,G,other,1,0.0,0.0,0.0,0.0,0.0,0.0,0.0,0.0,0.0,0.0,0.0,0.0,0.0,0.0,0.0,0.0,0.0,0.0,0.0,0.0,0.0,0.0,0.0,0.0,0.0,0.0,0.0,0.0,0.0
8475680,2012,Jussi Rynnas,TOR,G,all,1,620.0,0.66,0.0,12.0,0.52,0.0,1.12,2.0,6.12,6.0,0.24,0.0,3.39,3.0,3.13,4.0,0.65,7.0,2.0,0.0,0.35,0.31,0.0,0.0,0.0,0.0,3.0,0.0,0.0
8475680,2012,Jussi Rynnas,TOR,G,5on5,1,380.0,0.38,0.0,8.0,0.31,0.0,0.74,1.0,3.7,2.0,0.15,0.0,2.0,1.0,1.46,3.0,0.38,4.0,1.0,0.0,0.19,0.19,0.0,0.0,0.0,0.0,3.0,0.0,0.0
8475680,2012,Jussi Rynnas,TOR,G,4on5,1,120.0,0.27,0.0,3.0,0.2,0.0,0.37,1.0,2.12,3.0,0.0,0.0,1.38,1.0,0.71,1.0,0.26,2.0,1.0,0.0,0.15,0.12,0.0,0.0,0.0,0.0,0.0,0.0,0.0
8475680,2012,Jussi Rynnas,TOR,G,5on4,1,120.0,0.0,0.0,1.0,0.01,0.0,0.01,0.0,0.3,1.0,0.08,0.0,0.01,1.0,0.96,0.0,0.0,1.0,0.0,0.0,0.0,0.0,0.0,0.0,0.0,0.0,0.0,0.0,0.0
8474593,2012,Jacob Markstrom,FLA,G,other,23,1068.0,1.89,3.0,40.0,1.43,1.0,4.74,6.0,21.57,22.0,0.76,1.0,11.95,13.0,9.35,8.0,1.85,23.0,7.0,1.0,0.75,0.86,0.28,0.0,3.0,0.0,9.0,0.0,0.0
8474593,2012,Jacob Markstrom,FLA,G,all,23,75945.0,58.95,68.0,1159.0,44.27,53.0,147.3,141.0,649.39,685.0,19.36,18.0,361.44,302.0,274.68,332.0,55.78,695.0,156.0,58.0,19.95,18.84,20.15,24.0,25.0,19.0,250.0,0.0,0.0
8474593,2012,Jacob Markstrom,FLA,G,5on5,23,63990.0,41.85,49.0,961.0,35.13,46.0,125.71,117.0,533.45,560.0,16.02,14.0,297.67,243.0,228.75,280.0,40.87,587.0,123.0,37.0,17.08,14.62,10.15,20.0,19.0,10.0,214.0,0.0,0.0
8474593,2012,Jacob Markstrom,FLA,G,4on5,23,5878.0,14.03,16.0,139.0,7.17,6.0,15.26,15.0,82.11,89.0,0.33,0.0,48.18,44.0,26.87,32.0,11.89,73.0,22.0,19.0,1.8,2.9,9.33,4.0,3.0,9.0,25.0,0.0,0.0
8474593,2012,Jacob Markstrom,FLA,G,5on4,23,5009.0,1.18,0.0,19.0,0.54,0.0,1.59,3.0,12.27,14.0,2.25,3.0,3.64,2.0,9.72,12.0,1.18,12.0,4.0,1.0,0.32,0.47,0.39,0.0,0.0,0.0,2.0,0.0,0.0
8460704,2012,Johan Hedberg,N.J,G,other,19,1765.0,3.04,2.0,51.0,1.96,0.0,5.04,6.0,25.83,22.0,0.97,0.0,14.74,16.0,10.34,11.0,2.99,20.0,14.0,2.0,0.78,1.61,0.66,0.0,2.0,0.0,15.0,0.0,0.0
8460704,2012,Johan Hedberg,N.J,G,all,19,66496.0,40.1,51.0,793.0,28.32,21.0,93.56,120.0,425.45,435.0,16.54,16.0,233.72,169.0,179.28,207.0,39.08,424.0,132.0,33.0,13.75,15.48,10.88,15.0,21.0,15.0,204.0,4.0,2.0
8460704,2012,Johan Hedberg,N.J,G,5on5,19,53132.0,26.12,34.0,588.0,20.12,15.0,73.78,95.0,320.08,332.0,12.76,12.0,176.59,122.0,137.94,161.0,25.59,342.0,85.0,18.0,11.09,10.04,4.99,14.0,11.0,9.0,143.0,2.0,1.0
8460704,2012,Johan Hedberg,N.J,G,4on5,19,5657.0,8.65,11.0,122.0,5.06,6.0,11.6,13.0,58.26,58.0,0.38,1.0,35.45,27.0,18.13,22.0,8.21,44.0,27.0,10.0,1.24,3.05,4.37,0.0,6.0,5.0,41.0,0.0,0.0
8460704,2012,Johan Hedberg,N.J,G,5on4,19,5942.0,1.7,4.0,20.0,0.75,0.0,1.52,3.0,13.68,17.0,2.31,3.0,3.64,2.0,9.04,8.0,1.7,10.0,4.0,3.0,0.25,0.58,0.87,1.0,2.0,1.0,3.0,2.0,1.0
8459140,2012,Nikolai Khabibulin,EDM,G,other,12,1064.0,0.96,1.0,20.0,0.68,0.0,2.39,0.0,11.01,11.0,0.31,0.0,6.51,6.0,5.08,9.0,0.93,12.0,4.0,0.0,0.47,0.49,0.0,1.0,0.0,0.0,4.0,0.0,0.0
8459140,2012,Nikolai Khabibulin,EDM,G,all,12,41017.0,33.38,29.0,703.0,26.07,29.0,85.92,72.0,378.47,376.0,9.08,8.0,212.98,182.0,156.16,208.0,32.23,411.0,91.0,25.0,13.57,10.72,9.1,13.0,7.0,9.0,176.0,0.0,0.0
8459140,2012,Nikolai Khabibulin,EDM,G,5on5,12,32709.0,24.36,20.0,567.0,20.21,21.0,71.09,64.0,304.25,302.0,7.35,5.0,170.53,149.0,126.78,162.0,23.62,332.0,78.0,13.0,11.54,9.09,3.73,10.0,7.0,3.0,144.0,0.0,0.0
8459140,2012,Nikolai Khabibulin,EDM,G,4on5,12,3913.0,6.51,7.0,98.0,4.57,5.0,10.68,8.0,52.55,50.0,0.27,0.0,32.77,26.0,17.77,28.0,6.36,58.0,6.0,10.0,1.25,0.69,4.58,1.0,0.0,6.0,24.0,0.0,0.0
8459140,2012,Nikolai Khabibulin,EDM,G,5on4,12,3331.0,0.52,0.0,12.0,0.27,0.0,0.7,0.0,5.63,7.0,1.15,3.0,1.58,1.0,4.79,7.0,0.52,6.0,2.0,0.0,0.22,0.3,0.0,0.0,0.0,0.0,4.0,0.0,0.0
8462052,2012,Brian Boucher,PHI,G,other,4,204.0,0.01,0.0,2.0,0.03,0.0,0.21,1.0,0.72,1.0,0.06,0.0,0.35,0.0,0.37,0.0,0.01,1.0,0.0,0.0,0.01,0.0,0.0,0.0,0.0,0.0,1.0,0.0,0.0
8462052,2012,Brian Boucher,PHI,G,all,4,8641.0,4.54,6.0,109.0,3.99,2.0,13.73,15.0,56.48,55.0,2.4,1.0,31.79,25.0,22.09,28.0,4.41,61.0,13.0,4.0,1.94,1.6,1.0,2.0,2.0,2.0,31.0,0.0,0.0
8462052,2012,Brian Boucher,PHI,G,5on5,4,6385.0,3.14,6.0,80.0,2.76,2.0,10.65,11.0,42.56,42.0,1.81,0.0,23.89,16.0,17.16,22.0,3.03,49.0,7.0,3.0,1.52,0.91,0.71,2.0,2.0,2.0,21.0,0.0,0.0
8462052,2012,Brian Boucher,PHI,G,4on5,4,876.0,0.99,0.0,24.0,1.09,0.0,2.67,2.0,11.53,11.0,0.02,0.0,7.09,9.0,3.78,5.0,0.96,11.0,5.0,0.0,0.41,0.58,0.0,0.0,0.0,0.0,8.0,0.0,0.0
8462052,2012,Brian Boucher,PHI,G,5on4,4,1176.0,0.41,0.0,3.0,0.12,0.0,0.2,1.0,1.67,1.0,0.52,1.0,0.46,0.0,0.77,1.0,0.41,0.0,1.0,1.0,0.0,0.12,0.28,0.0,0.0,0.0,1.0,0.0,0.0
8467391,2012,Jason LaBarbera,ARI,G,other,15,1762.0,3.67,3.0,53.0,2.07,4.0,5.45,13.0,27.59,31.0,0.89,3.0,15.75,11.0,10.15,7.0,3.14,19.0,16.0,3.0,0.67,2.14,0.85,2.0,1.0,0.0,15.0,0.0,0.0
8467391,2012,Jason LaBarbera,ARI,G,all,15,43555.0,38.5,32.0,743.0,31.1,43.0,95.81,107.0,417.21,418.0,12.08,10.0,233.16,205.0,164.49,179.0,36.69,416.0,132.0,29.0,12.49,16.44,9.57,11.0,10.0,11.0,166.0,0.0,0.0
8467391,2012,Jason LaBarbera,ARI,G,5on5,15,34943.0,28.83,23.0,576.0,23.24,32.0,76.96,73.0,326.21,319.0,9.67,6.0,177.93,164.0,130.37,145.0,27.73,324.0,104.0,20.0,10.19,12.79,5.85,7.0,8.0,8.0,128.0,0.0,0.0
8467391,2012,Jason LaBarbera,ARI,G,4on5,15,3748.0,5.66,6.0,106.0,5.56,7.0,12.53,19.0,58.62,62.0,0.2,0.0,37.86,29.0,20.21,23.0,5.47,68.0,10.0,6.0,1.52,1.27,2.86,2.0,1.0,3.0,22.0,0.0,0.0
8467391,2012,Jason LaBarbera,ARI,G,5on4,15,3102.0,0.16,0.0,4.0,0.14,0.0,0.3,0.0,2.56,4.0,1.27,1.0,0.68,1.0,2.65,3.0,0.16,3.0,1.0,0.0,0.04,0.11,0.0,0.0,0.0,0.0,0.0,0.0,0.0
8476234,2012,Keith Kinkaid,N.J,G,other,1,120.0,0.4,0.0,3.0,0.14,0.0,0.43,2.0,2.41,3.0,0.03,0.0,0.86,0.0,1.1,1.0,0.4,0.0,3.0,0.0,0.0,0.4,0.0,0.0,0.0,0.0,0.0,0.0,0.0
8476234,2012,Keith Kinkaid,N.J,G,all,1,1545.0,0.96,1.0,14.0,0.58,0.0,2.02,4.0,9.95,13.0,0.56,0.0,4.98,3.0,4.18,4.0,0.96,7.0,6.0,0.0,0.17,0.79,0.0,0.0,1.0,0.0,1.0,0.0,0.0
8476234,2012,Keith Kinkaid,N.J,G,5on5,1,1290.0,0.55,1.0,10.0,0.38,0.0,1.44,2.0,6.88,9.0,0.25,0.0,3.61,3.0,2.81,2.0,0.55,6.0,3.0,0.0,0.16,0.39,0.0,0.0,1.0,0.0,1.0,0.0,0.0
8476234,2012,Keith Kinkaid,N.J,G,4on5,1,120.0,0.0,0.0,1.0,0.06,0.0,0.14,0.0,0.66,1.0,0.04,0.0,0.51,0.0,0.26,1.0,0.0,1.0,0.0,0.0,0.0,0.0,0.0,0.0,0.0,0.0,0.0,0.0,0.0
8476234,2012,Keith Kinkaid,N.J,G,5on4,1,15.0,0.0,0.0,0.0,0.0,0.0,0.0,0.0,0.0,0.0,0.24,0.0,0.0,0.0,0.0,0.0,0.0,0.0,0.0,0.0,0.0,0.0,0.0,0.0,0.0,0.0,0.0,0.0,0.0
8475681,2012,Ben Scrivens,TOR,G,other,20,1890.0,1.48,1.0,25.0,0.94,0.0,2.69,3.0,13.15,13.0,1.19,1.0,7.62,7.0,4.82,7.0,1.39,11.0,5.0,2.0,0.41,0.6,0.46,1.0,0.0,0.0,7.0,0.0,0.0
8475681,2012,Ben Scrivens,TOR,G,all,20,61491.0,44.09,46.0,1037.0,37.51,41.0,126.71,111.0,545.23,542.0,16.32,14.0,305.06,270.0,228.54,265.0,42.47,571.0,157.0,32.0,15.65,19.03,9.41,16.0,21.0,9.0,277.0,6.0,3.0
8475681,2012,Ben Scrivens,TOR,G,5on5,20,48732.0,36.05,35.0,853.0,29.3,35.0,106.17,93.0,444.7,441.0,12.74,9.0,246.25,223.0,186.41,212.0,34.64,465.0,130.0,24.0,13.28,15.95,6.82,11.0,18.0,6.0,234.0,4.0,2.0
8475681,2012,Ben Scrivens,TOR,G,4on5,20,6058.0,6.12,10.0,144.0,6.96,6.0,16.68,14.0,77.61,75.0,0.29,1.0,48.5,36.0,27.19,36.0,5.99,82.0,20.0,6.0,1.74,2.26,2.12,4.0,3.0,3.0,36.0,0.0,0.0
8475681,2012,Ben Scrivens,TOR,G,5on4,20,4811.0,0.44,0.0,15.0,0.32,0.0,1.17,1.0,9.77,13.0,2.1,3.0,2.68,4.0,10.12,10.0,0.44,13.0,2.0,0.0,0.23,0.22,0.0,0.0,0.0,0.0,0.0,2.0,1.0
8475361,2012,Jonas Gustavsson,DET,G,other,7,313.0,0.67,1.0,17.0,0.45,2.0,1.58,1.0,6.42,7.0,0.21,1.0,3.42,3.0,2.64,2.0,0.65,7.0,2.0,0.0,0.28,0.39,0.0,0.0,1.0,0.0,8.0,0.0,0.0
8475361,2012,Jonas Gustavsson,DET,G,all,7,20955.0,11.57,17.0,272.0,9.71,13.0,34.59,27.0,147.18,140.0,6.65,6.0,82.33,68.0,62.96,78.0,11.33,160.0,39.0,7.0,4.7,4.99,1.88,7.0,8.0,2.0,66.0,2.0,1.0
8475361,2012,Jonas Gustavsson,DET,G,5on5,7,17213.0,8.62,12.0,214.0,7.46,10.0,28.89,19.0,119.5,113.0,5.37,5.0,66.08,56.0,52.02,67.0,8.45,134.0,27.0,6.0,3.67,3.33,1.61,6.0,4.0,2.0,47.0,2.0,1.0
8475361,2012,Jonas Gustavsson,DET,G,4on5,7,1645.0,2.18,4.0,38.0,1.73,1.0,3.85,6.0,19.12,18.0,0.1,0.0,12.13,9.0,6.51,7.0,2.12,16.0,10.0,1.0,0.64,1.26,0.28,1.0,3.0,0.0,11.0,0.0,0.0
8475361,2012,Jonas Gustavsson,DET,G,5on4,7,1784.0,0.1,0.0,3.0,0.07,0.0,0.28,1.0,2.14,2.0,0.97,0.0,0.7,0.0,1.79,2.0,0.1,3.0,0.0,0.0,0.1,0.0,0.0,0.0,0.0,0.0,0.0,0.0,0.0
8475622,2012,Carter Hutton,CHI,G,other,1,11.0,0.41,1.0,2.0,0.13,1.0,0.28,0.0,1.63,2.0,0.0,0.0,0.81,0.0,0.32,0.0,0.39,1.0,0.0,1.0,0.04,0.0,0.37,0.0,0.0,1.0,0.0,0.0,0.0
8475622,2012,Carter Hutton,CHI,G,all,1,3524.0,2.52,3.0,61.0,2.32,2.0,6.48,7.0,30.72,28.0,0.69,0.0,18.69,8.0,13.01,21.0,2.45,33.0,9.0,2.0,0.9,0.96,0.65,1.0,1.0,1.0,17.0,0.0,0.0
8475622,2012,Carter Hutton,CHI,G,5on5,1,3033.0,1.63,2.0,50.0,1.71,0.0,4.97,6.0,23.34,21.0,0.65,0.0,14.48,6.0,10.45,17.0,1.62,25.0,9.0,0.0,0.67,0.96,0.0,1.0,1.0,0.0,16.0,0.0,0.0
8475622,2012,Carter Hutton,CHI,G,4on5,1,240.0,0.47,0.0,8.0,0.47,1.0,1.11,1.0,5.05,5.0,0.0,0.0,3.19,2.0,1.62,3.0,0.43,6.0,0.0,1.0,0.18,0.0,0.28,0.0,0.0,0.0,1.0,0.0,0.0
8475622,2012,Carter Hutton,CHI,G,5on4,1,240.0,0.01,0.0,1.0,0.02,0.0,0.11,0.0,0.7,0.0,0.04,0.0,0.22,0.0,0.63,1.0,0.01,1.0,0.0,0.0,0.01,0.0,0.0,0.0,0.0,0.0,0.0,0.0,0.0
8469608,2012,Mike Smith,ARI,G,other,34,2692.0,7.16,5.0,113.0,4.04,4.0,11.83,14.0,55.96,46.0,1.4,2.0,31.89,37.0,22.1,18.0,6.88,52.0,19.0,8.0,1.74,2.23,3.19,1.0,0.0,4.0,34.0,0.0,0.0
8469608,2012,Mike Smith,ARI,G,all,34,117333.0,82.68,84.0,1785.0,66.88,61.0,210.51,194.0,943.07,938.0,31.39,34.0,533.23,465.0,394.35,487.0,80.16,990.0,250.0,78.0,28.58,29.97,24.14,30.0,30.0,24.0,467.0,0.0,0.0
8469608,2012,Mike Smith,ARI,G,5on5,34,92963.0,59.4,56.0,1369.0,49.55,46.0,168.96,147.0,731.45,740.0,25.07,25.0,410.57,352.0,306.1,397.0,57.72,773.0,194.0,51.0,22.59,23.23,13.58,25.0,23.0,8.0,351.0,0.0,0.0
8469608,2012,Mike Smith,ARI,G,4on5,34,10371.0,14.28,21.0,257.0,12.08,10.0,26.01,28.0,128.57,126.0,0.57,2.0,82.19,69.0,43.29,49.0,13.74,133.0,31.0,18.0,3.5,3.62,7.16,2.0,7.0,12.0,75.0,0.0,0.0
8469608,2012,Mike Smith,ARI,G,5on4,34,11307.0,1.77,1.0,42.0,1.11,1.0,3.07,4.0,24.95,23.0,4.27,3.0,7.58,7.0,21.74,22.0,1.74,29.0,6.0,1.0,0.68,0.88,0.21,1.0,0.0,0.0,6.0,0.0,0.0
8473575,2012,Semyon Varlamov,COL,G,other,35,3018.0,9.18,9.0,118.0,5.11,8.0,12.12,9.0,62.03,66.0,1.41,3.0,33.84,27.0,20.67,30.0,8.34,46.0,23.0,14.0,1.4,2.96,4.82,1.0,5.0,3.0,35.0,0.0,0.0
8473575,2012,Semyon Varlamov,COL,G,all,35,116979.0,90.09,98.0,1964.0,75.5,91.0,232.9,217.0,1020.18,1007.0,29.5,25.0,572.4,452.0,417.48,530.0,86.46,1073.0,266.0,83.0,30.55,32.57,26.97,31.0,36.0,31.0,542.0,0.0,0.0
8473575,2012,Semyon Varlamov,COL,G,5on5,35,92503.0,59.82,66.0,1455.0,51.72,56.0,179.45,179.0,758.9,747.0,23.54,18.0,422.61,327.0,320.72,401.0,58.24,833.0,184.0,42.0,24.75,22.35,12.7,28.0,24.0,14.0,396.0,0.0,0.0
8473575,2012,Semyon Varlamov,COL,G,4on5,35,12388.0,18.29,21.0,345.0,17.21,24.0,37.16,27.0,172.08,165.0,0.51,0.0,107.31,94.0,55.94,74.0,17.12,167.0,52.0,23.0,3.61,6.33,8.36,1.0,7.0,13.0,103.0,0.0,0.0
8473575,2012,Semyon Varlamov,COL,G,5on4,35,9070.0,2.1,2.0,37.0,1.01,2.0,3.05,2.0,21.03,23.0,4.02,4.0,5.81,3.0,17.45,20.0,2.09,22.0,4.0,4.0,0.52,0.49,1.09,1.0,0.0,1.0,7.0,0.0,0.0
8473614,2012,Richard Bachman,DAL,G,other,13,1083.0,2.16,2.0,22.0,0.88,1.0,1.92,0.0,10.78,7.0,0.43,0.0,5.21,4.0,3.43,7.0,2.08,5.0,6.0,3.0,0.15,0.8,1.2,0.0,1.0,1.0,8.0,0.0,0.0
8473614,2012,Richard Bachman,DAL,G,all,13,36530.0,26.62,33.0,587.0,22.0,19.0,70.66,79.0,314.17,288.0,8.18,2.0,179.02,153.0,125.88,138.0,25.81,333.0,77.0,24.0,8.7,9.69,8.23,10.0,13.0,10.0,153.0,0.0,0.0
8473614,2012,Richard Bachman,DAL,G,5on5,13,29353.0,18.2,23.0,445.0,15.74,15.0,55.57,65.0,239.67,222.0,6.32,2.0,135.34,119.0,98.72,99.0,17.63,257.0,60.0,14.0,6.92,7.57,3.71,10.0,8.0,5.0,114.0,0.0,0.0
8473614,2012,Richard Bachman,DAL,G,4on5,13,3349.0,5.93,7.0,108.0,5.21,3.0,12.29,13.0,58.28,55.0,0.21,0.0,36.9,28.0,19.84,29.0,5.77,65.0,10.0,7.0,1.43,1.18,3.32,0.0,3.0,4.0,26.0,0.0,0.0
8473614,2012,Richard Bachman,DAL,G,5on4,13,2745.0,0.33,1.0,12.0,0.18,0.0,0.87,1.0,5.43,4.0,1.22,0.0,1.57,2.0,3.89,3.0,0.33,6.0,1.0,0.0,0.2,0.13,0.0,0.0,1.0,0.0,5.0,0.0,0.0
8468011,2012,Ryan Miller,BUF,G,other,40,5053.0,11.85,7.0,176.0,6.39,7.0,19.6,20.0,94.13,94.0,2.38,3.0,53.63,46.0,36.87,49.0,10.75,91.0,24.0,17.0,3.03,2.89,5.93,0.0,1.0,6.0,44.0,2.0,1.0
8468011,2012,Ryan Miller,BUF,G,all,40,138134.0,116.66,108.0,2325.0,87.39,79.0,279.89,279.0,1243.97,1270.0,32.25,33.0,703.95,530.0,514.8,701.0,112.15,1285.0,359.0,100.0,39.15,43.21,34.31,32.0,37.0,39.0,581.0,2.0,1.0
8468011,2012,Ryan Miller,BUF,G,5on5,40,108721.0,74.59,72.0,1739.0,61.89,59.0,218.2,208.0,928.47,941.0,24.56,21.0,524.8,385.0,395.15,544.0,72.81,1001.0,256.0,48.0,30.6,30.74,13.25,26.0,27.0,19.0,434.0,0.0,0.0
8468011,2012,Ryan Miller,BUF,G,4on5,40,12625.0,27.02,24.0,362.0,17.42,12.0,37.51,44.0,187.44,196.0,0.63,3.0,114.61,92.0,60.1,85.0,25.47,162.0,68.0,33.0,4.47,8.08,14.47,4.0,6.0,14.0,99.0,0.0,0.0
8468011,2012,Ryan Miller,BUF,G,5on4,40,11735.0,2.67,4.0,40.0,1.37,1.0,3.53,6.0,28.66,32.0,4.47,5.0,8.53,5.0,20.11,20.0,2.6,26.0,9.0,2.0,0.82,1.19,0.66,2.0,2.0,0.0,3.0,0.0,0.0
8462152,2012,Chris Mason,NSH,G,other,11,898.0,2.04,1.0,27.0,1.09,2.0,3.18,4.0,15.38,14.0,0.24,0.0,7.45,4.0,6.64,8.0,1.82,11.0,8.0,2.0,0.45,1.08,0.52,0.0,1.0,0.0,6.0,0.0,0.0
8462152,2012,Chris Mason,NSH,G,all,11,28004.0,20.42,29.0,405.0,16.93,11.0,49.82,55.0,225.45,229.0,6.44,6.0,127.49,94.0,90.77,112.0,19.65,230.0,70.0,13.0,8.02,8.51,3.89,10.0,13.0,6.0,92.0,0.0,0.0
8462152,2012,Chris Mason,NSH,G,5on5,11,22267.0,13.84,22.0,317.0,12.39,7.0,39.85,44.0,175.36,179.0,4.86,4.0,99.83,71.0,72.31,92.0,13.5,192.0,45.0,7.0,6.47,5.52,1.85,9.0,9.0,4.0,73.0,0.0,0.0
8462152,2012,Chris Mason,NSH,G,4on5,11,2324.0,4.32,6.0,56.0,3.31,2.0,6.37,7.0,31.76,35.0,0.02,0.0,19.28,18.0,9.61,9.0,4.11,24.0,16.0,4.0,0.97,1.82,1.53,1.0,3.0,2.0,12.0,0.0,0.0
8462152,2012,Chris Mason,NSH,G,5on4,11,2515.0,0.22,0.0,5.0,0.15,0.0,0.42,0.0,2.95,1.0,1.33,2.0,0.93,1.0,2.2,3.0,0.22,3.0,1.0,0.0,0.13,0.09,0.0,0.0,0.0,0.0,1.0,0.0,0.0
8470594,2012,Marc-Andre Fleury,PIT,G,other,33,2903.0,5.13,6.0,78.0,2.92,3.0,7.73,5.0,38.62,36.0,1.22,1.0,23.82,21.0,14.06,17.0,4.8,39.0,12.0,4.0,1.57,1.46,2.1,0.0,3.0,3.0,23.0,0.0,0.0
8470594,2012,Marc-Andre Fleury,PIT,G,all,33,111465.0,75.67,74.0,1723.0,60.86,60.0,203.25,180.0,887.42,881.0,28.75,43.0,501.34,398.0,367.94,484.0,72.8,940.0,235.0,63.0,26.88,28.2,20.6,20.0,33.0,21.0,485.0,2.0,1.0
8470594,2012,Marc-Andre Fleury,PIT,G,5on5,33,88961.0,52.85,51.0,1366.0,45.99,43.0,165.44,148.0,700.15,700.0,22.8,36.0,392.21,317.0,297.99,383.0,51.46,766.0,173.0,38.0,21.8,21.12,9.93,17.0,23.0,11.0,389.0,2.0,1.0
8470594,2012,Marc-Andre Fleury,PIT,G,4on5,33,9698.0,16.35,16.0,243.0,11.1,14.0,27.72,26.0,130.48,128.0,0.26,0.0,79.43,57.0,42.81,66.0,15.2,118.0,44.0,20.0,3.09,4.91,8.36,3.0,6.0,7.0,61.0,0.0,0.0
8470594,2012,Marc-Andre Fleury,PIT,G,5on4,33,9903.0,1.16,1.0,32.0,0.72,0.0,1.9,1.0,16.04,15.0,4.42,6.0,4.92,3.0,11.86,15.0,1.16,15.0,5.0,1.0,0.32,0.63,0.2,0.0,1.0,0.0,11.0,0.0,0.0
8460712,2012,Tomas Vokoun,PIT,G,other,20,3116.0,4.38,2.0,63.0,2.99,4.0,6.37,6.0,34.48,32.0,1.12,0.0,21.05,15.0,10.9,18.0,3.92,30.0,12.0,5.0,1.09,1.58,1.71,0.0,0.0,2.0,16.0,0.0,0.0
8460712,2012,Tomas Vokoun,PIT,G,all,20,61712.0,46.22,42.0,960.0,35.4,42.0,116.12,110.0,509.82,519.0,16.29,24.0,288.2,221.0,207.16,272.0,43.65,541.0,129.0,40.0,15.38,16.18,14.66,15.0,11.0,16.0,250.0,2.0,1.0
8460712,2012,Tomas Vokoun,PIT,G,5on5,20,48514.0,29.93,25.0,759.0,26.07,29.0,95.55,95.0,402.05,411.0,12.47,20.0,225.33,173.0,170.88,220.0,29.08,445.0,95.0,21.0,12.19,11.93,5.82,12.0,6.0,7.0,198.0,0.0,0.0
8460712,2012,Tomas Vokoun,PIT,G,4on5,20,5199.0,10.78,13.0,125.0,5.99,9.0,13.36,9.0,66.87,70.0,0.08,0.0,39.77,31.0,20.92,29.0,9.53,62.0,18.0,13.0,1.96,2.19,6.63,3.0,4.0,6.0,32.0,2.0,1.0
8460712,2012,Tomas Vokoun,PIT,G,5on4,20,4883.0,1.13,2.0,13.0,0.35,0.0,0.84,0.0,6.42,6.0,2.62,4.0,2.05,2.0,4.45,5.0,1.13,4.0,4.0,1.0,0.14,0.48,0.51,0.0,1.0,1.0,4.0,0.0,0.0
8474765,2012,Anders Lindback,T.B,G,other,24,2182.0,5.56,8.0,56.0,2.42,1.0,5.83,10.0,31.22,36.0,0.72,0.0,18.41,10.0,10.75,15.0,5.25,23.0,12.0,9.0,0.73,1.67,3.16,1.0,2.0,5.0,12.0,0.0,0.0
8474765,2012,Anders Lindback,T.B,G,all,24,78251.0,58.98,63.0,1194.0,45.53,39.0,149.19,162.0,657.41,642.0,17.91,18.0,365.28,277.0,273.83,354.0,57.19,678.0,186.0,51.0,19.42,22.49,17.06,19.0,22.0,22.0,279.0,0.0,0.0
8474765,2012,Anders Lindback,T.B,G,5on5,24,61811.0,39.0,46.0,925.0,33.18,27.0,120.35,126.0,509.63,492.0,14.3,15.0,283.16,209.0,216.91,286.0,38.19,546.0,141.0,22.0,16.25,16.82,5.93,17.0,19.0,10.0,216.0,0.0,0.0
8474765,2012,Anders Lindback,T.B,G,4on5,24,6216.0,12.19,6.0,179.0,8.9,11.0,20.47,24.0,97.47,93.0,0.28,0.0,58.01,54.0,32.21,38.0,11.52,94.0,24.0,18.0,1.92,2.93,7.33,0.0,1.0,5.0,43.0,0.0,0.0
8474765,2012,Anders Lindback,T.B,G,5on4,24,8042.0,2.23,3.0,34.0,1.04,0.0,2.54,2.0,19.09,21.0,2.6,3.0,5.71,4.0,13.96,15.0,2.23,15.0,9.0,2.0,0.52,1.08,0.64,1.0,0.0,2.0,8.0,0.0,0.0
8470645,2012,Corey Crawford,CHI,G,other,30,4040.0,4.27,2.0,73.0,3.53,2.0,9.25,8.0,44.11,44.0,1.35,2.0,24.84,22.0,16.5,21.0,4.0,41.0,16.0,3.0,1.39,2.05,0.82,0.0,1.0,1.0,13.0,2.0,1.0
8470645,2012,Corey Crawford,CHI,G,all,30,105631.0,63.77,57.0,1387.0,51.78,44.0,166.89,159.0,737.47,769.0,26.68,34.0,413.76,335.0,306.85,410.0,61.78,783.0,192.0,52.0,22.47,23.18,18.11,16.0,19.0,22.0,360.0,4.0,2.0
8470645,2012,Corey Crawford,CHI,G,5on5,30,84606.0,44.78,40.0,1040.0,37.27,33.0,130.29,125.0,557.78,587.0,21.02,28.0,309.86,254.0,232.92,305.0,43.38,591.0,148.0,34.0,17.35,17.76,9.66,12.0,15.0,13.0,267.0,2.0,1.0
8470645,2012,Corey Crawford,CHI,G,4on5,30,8343.0,11.43,12.0,232.0,9.25,6.0,22.99,19.0,108.35,108.0,0.8,1.0,68.65,52.0,40.1,67.0,11.2,126.0,20.0,10.0,3.08,2.29,6.05,2.0,3.0,7.0,76.0,0.0,0.0
8470645,2012,Corey Crawford,CHI,G,5on4,30,8642.0,2.0,3.0,23.0,0.86,1.0,1.69,2.0,14.9,16.0,2.98,2.0,3.96,3.0,11.11,11.0,1.98,13.0,4.0,3.0,0.28,0.61,1.1,2.0,0.0,1.0,3.0,0.0,0.0
8460535,2012,Jose Theodore,FLA,G,other,15,1232.0,2.85,5.0,31.0,1.28,3.0,3.31,2.0,17.16,16.0,0.82,0.0,10.22,7.0,5.72,7.0,2.16,16.0,4.0,4.0,0.46,0.48,1.92,0.0,2.0,3.0,7.0,0.0,0.0
8460535,2012,Jose Theodore,FLA,G,all,15,45988.0,36.7,42.0,689.0,26.06,31.0,84.45,61.0,380.66,391.0,12.2,10.0,213.96,187.0,158.19,201.0,34.27,395.0,103.0,34.0,12.26,12.28,12.16,14.0,16.0,12.0,157.0,2.0,1.0
8460535,2012,Jose Theodore,FLA,G,5on5,15,36487.0,22.95,28.0,526.0,19.47,24.0,68.49,51.0,294.1,308.0,9.26,10.0,164.25,146.0,125.02,155.0,22.46,317.0,81.0,12.0,10.32,9.71,2.92,12.0,12.0,4.0,116.0,2.0,1.0
8460535,2012,Jose Theodore,FLA,G,4on5,15,3945.0,9.2,8.0,110.0,4.51,3.0,10.73,7.0,56.4,53.0,0.3,0.0,34.55,28.0,19.17,31.0,8.04,49.0,16.0,15.0,1.04,1.83,6.34,2.0,2.0,4.0,30.0,0.0,0.0
8460535,2012,Jose Theodore,FLA,G,5on4,15,4324.0,0.84,0.0,11.0,0.38,0.0,0.76,0.0,6.53,7.0,1.8,0.0,1.79,2.0,5.07,6.0,0.83,6.0,1.0,2.0,0.11,0.1,0.63,0.0,0.0,0.0,2.0,0.0,0.0
8470216,2012,Josh Harding,MIN,G,other,5,645.0,0.07,0.0,4.0,0.09,0.0,0.26,0.0,1.36,0.0,0.3,0.0,1.06,1.0,0.48,1.0,0.07,2.0,0.0,0.0,0.07,0.0,0.0,0.0,0.0,0.0,2.0,0.0,0.0
8470216,2012,Josh Harding,MIN,G,all,5,11105.0,4.55,10.0,148.0,4.73,2.0,18.25,11.0,78.21,73.0,2.97,3.0,43.95,30.0,35.09,55.0,4.51,93.0,14.0,2.0,2.31,1.81,0.43,6.0,4.0,0.0,39.0,0.0,0.0
8470216,2012,Josh Harding,MIN,G,5on5,5,8354.0,3.88,8.0,122.0,3.91,2.0,15.73,8.0,66.24,59.0,2.24,2.0,36.76,24.0,28.66,48.0,3.85,78.0,11.0,2.0,1.99,1.46,0.43,4.0,4.0,0.0,31.0,0.0,0.0
8470216,2012,Josh Harding,MIN,G,4on5,5,974.0,0.5,2.0,19.0,0.66,0.0,2.06,2.0,9.23,11.0,0.02,0.0,5.86,5.0,3.64,4.0,0.49,11.0,2.0,0.0,0.25,0.26,0.0,2.0,0.0,0.0,6.0,0.0,0.0
8470216,2012,Josh Harding,MIN,G,5on4,5,1132.0,0.09,0.0,3.0,0.08,0.0,0.2,1.0,1.37,3.0,0.41,1.0,0.27,0.0,2.31,2.0,0.09,2.0,1.0,0.0,0.0,0.09,0.0,0.0,0.0,0.0,0.0,0.0,0.0
8464999,2012,Mathieu Garon,T.B,G,other,18,794.0,1.96,2.0,22.0,0.73,2.0,2.86,2.0,11.42,10.0,0.3,0.0,5.15,7.0,3.68,1.0,1.8,6.0,7.0,2.0,0.28,0.97,0.7,0.0,1.0,1.0,7.0,0.0,0.0
8464999,2012,Mathieu Garon,T.B,G,all,18,54604.0,39.19,44.0,827.0,29.1,30.0,100.6,86.0,428.02,427.0,13.58,11.0,238.68,205.0,176.93,225.0,37.86,448.0,116.0,35.0,13.88,13.7,11.61,16.0,12.0,16.0,228.0,0.0,0.0
8464999,2012,Mathieu Garon,T.B,G,5on5,18,44474.0,27.7,31.0,676.0,23.04,24.0,84.85,79.0,352.31,356.0,11.01,10.0,196.38,170.0,152.14,185.0,27.11,389.0,87.0,20.0,12.01,10.17,5.52,14.0,9.0,8.0,180.0,0.0,0.0
8464999,2012,Mathieu Garon,T.B,G,4on5,18,4615.0,8.85,9.0,115.0,4.99,4.0,11.79,4.0,58.01,52.0,0.24,0.0,34.09,28.0,17.46,33.0,8.29,48.0,18.0,13.0,1.4,2.07,5.39,1.0,1.0,7.0,36.0,0.0,0.0
8464999,2012,Mathieu Garon,T.B,G,5on4,18,4721.0,0.21,1.0,8.0,0.11,0.0,0.39,0.0,2.8,4.0,1.92,1.0,0.92,0.0,2.28,3.0,0.21,3.0,1.0,0.0,0.11,0.1,0.0,1.0,0.0,0.0,4.0,0.0,0.0
8476846,2012,Cristopher Nilstorp,DAL,G,other,5,722.0,2.38,5.0,24.0,1.03,1.0,2.8,1.0,14.71,15.0,0.14,0.0,8.26,9.0,4.98,4.0,2.22,9.0,9.0,2.0,0.29,1.12,0.97,2.0,1.0,2.0,4.0,0.0,0.0
8476846,2012,Cristopher Nilstorp,DAL,G,all,5,17478.0,10.9,15.0,245.0,9.89,9.0,32.4,25.0,141.98,146.0,3.97,3.0,81.77,71.0,58.53,75.0,10.63,158.0,31.0,9.0,4.18,3.76,2.96,7.0,5.0,3.0,47.0,0.0,0.0
8476846,2012,Cristopher Nilstorp,DAL,G,5on5,5,12971.0,7.06,9.0,172.0,6.64,6.0,23.89,18.0,100.47,105.0,3.09,3.0,56.87,54.0,42.42,50.0,6.97,115.0,20.0,5.0,3.31,2.45,1.3,5.0,4.0,0.0,32.0,0.0,0.0
8476846,2012,Cristopher Nilstorp,DAL,G,4on5,5,1781.0,1.05,1.0,44.0,2.04,2.0,5.24,6.0,22.74,21.0,0.1,0.0,15.59,8.0,8.33,16.0,1.03,31.0,1.0,1.0,0.53,0.08,0.44,0.0,0.0,1.0,11.0,0.0,0.0
8476846,2012,Cristopher Nilstorp,DAL,G,5on4,5,2004.0,0.41,0.0,5.0,0.19,0.0,0.47,0.0,4.06,5.0,0.64,0.0,1.05,0.0,2.79,5.0,0.41,3.0,1.0,1.0,0.05,0.11,0.25,0.0,0.0,0.0,0.0,0.0,0.0
8471715,2012,Ondrej Pavelec,WPG,G,other,44,3632.0,7.82,8.0,117.0,4.26,5.0,12.45,12.0,61.86,60.0,1.75,2.0,34.82,29.0,24.52,32.0,7.35,57.0,22.0,7.0,1.9,2.77,3.15,1.0,4.0,3.0,31.0,0.0,0.0
8471715,2012,Ondrej Pavelec,WPG,G,all,44,153163.0,106.13,119.0,2373.0,83.67,100.0,293.79,268.0,1250.03,1251.0,39.96,48.0,703.6,563.0,520.34,665.0,102.74,1341.0,322.0,86.0,39.68,38.96,27.49,44.0,44.0,31.0,624.0,2.0,1.0
8471715,2012,Ondrej Pavelec,WPG,G,5on5,44,126265.0,80.13,90.0,1953.0,66.23,84.0,249.03,228.0,1023.68,1022.0,32.47,39.0,575.07,464.0,428.48,536.0,77.85,1122.0,251.0,60.0,33.48,30.02,16.62,37.0,33.0,20.0,520.0,0.0,0.0
8471715,2012,Ondrej Pavelec,WPG,G,4on5,44,10663.0,15.82,19.0,260.0,12.02,11.0,28.64,25.0,136.74,144.0,0.76,1.0,85.24,63.0,45.74,73.0,15.18,132.0,44.0,16.0,3.47,5.56,6.78,6.0,6.0,7.0,68.0,0.0,0.0
8471715,2012,Ondrej Pavelec,WPG,G,5on4,44,12603.0,2.07,2.0,39.0,1.02,0.0,3.19,3.0,25.24,24.0,4.94,6.0,7.56,7.0,20.46,21.0,2.05,28.0,5.0,2.0,0.76,0.6,0.71,0.0,1.0,1.0,4.0,2.0,1.0
8475252,2012,Matt Hackett,MIN,G,other,1,103.0,0.18,1.0,2.0,0.13,0.0,0.26,0.0,1.5,1.0,0.04,0.0,0.82,1.0,0.56,0.0,0.18,1.0,1.0,0.0,0.02,0.17,0.0,0.0,1.0,0.0,0.0,0.0,0.0
8475252,2012,Matt Hackett,MIN,G,all,1,3552.0,3.49,5.0,51.0,2.27,5.0,6.17,8.0,28.66,33.0,1.18,1.0,14.58,9.0,10.51,11.0,3.24,22.0,12.0,4.0,0.69,1.48,1.33,0.0,2.0,3.0,13.0,0.0,0.0
8475252,2012,Matt Hackett,MIN,G,5on5,1,2796.0,2.35,2.0,39.0,1.41,3.0,4.27,6.0,19.92,22.0,0.92,1.0,9.58,6.0,7.72,9.0,2.18,16.0,7.0,3.0,0.47,0.84,1.04,0.0,0.0,2.0,13.0,0.0,0.0
8475252,2012,Matt Hackett,MIN,G,4on5,1,365.0,0.96,2.0,10.0,0.73,2.0,1.65,2.0,7.24,10.0,0.02,0.0,4.18,2.0,2.23,2.0,0.88,5.0,4.0,1.0,0.2,0.47,0.29,0.0,1.0,1.0,0.0,0.0,0.0
8475252,2012,Matt Hackett,MIN,G,5on4,1,288.0,0.0,0.0,0.0,0.0,0.0,0.0,0.0,0.0,0.0,0.2,0.0,0.0,0.0,0.0,0.0,0.0,0.0,0.0,0.0,0.0,0.0,0.0,0.0,0.0,0.0,0.0,0.0,0.0
8471306,2012,Thomas Greiss,S.J,G,other,6,356.0,0.57,0.0,10.0,0.38,1.0,1.01,0.0,4.2,5.0,0.06,0.0,2.86,3.0,0.97,2.0,0.56,1.0,5.0,0.0,0.01,0.56,0.0,0.0,0.0,0.0,4.0,0.0,0.0
8471306,2012,Thomas Greiss,S.J,G,all,6,18492.0,12.8,13.0,285.0,10.48,8.0,34.6,30.0,150.45,153.0,5.47,7.0,85.49,68.0,65.62,91.0,12.52,156.0,47.0,11.0,4.48,5.74,2.58,8.0,3.0,2.0,71.0,0.0,0.0
8471306,2012,Thomas Greiss,S.J,G,5on5,6,14382.0,9.67,10.0,232.0,8.09,5.0,28.98,26.0,122.78,121.0,3.88,7.0,69.34,57.0,52.91,73.0,9.44,132.0,32.0,9.0,3.69,3.85,2.13,7.0,1.0,2.0,59.0,0.0,0.0
8471306,2012,Thomas Greiss,S.J,G,4on5,6,1654.0,1.81,3.0,32.0,1.65,1.0,3.68,4.0,16.85,19.0,0.04,0.0,11.45,6.0,5.81,10.0,1.78,16.0,8.0,1.0,0.59,1.01,0.21,1.0,2.0,0.0,7.0,0.0,0.0
8471306,2012,Thomas Greiss,S.J,G,5on4,6,2100.0,0.76,0.0,11.0,0.36,1.0,0.93,0.0,6.62,8.0,1.48,0.0,1.84,2.0,5.92,6.0,0.74,7.0,2.0,1.0,0.19,0.32,0.24,0.0,0.0,0.0,1.0,0.0,0.0
8471239,2012,Cory Schneider,VAN,G,other,30,2481.0,5.68,2.0,86.0,3.36,8.0,11.23,10.0,51.57,56.0,1.48,2.0,26.3,25.0,20.77,22.0,5.08,48.0,13.0,8.0,1.4,1.52,2.76,0.0,0.0,2.0,17.0,0.0,0.0
8471239,2012,Cory Schneider,VAN,G,all,30,103999.0,67.38,61.0,1465.0,57.22,57.0,181.73,186.0,804.56,835.0,25.57,23.0,442.05,358.0,335.52,418.0,64.48,839.0,213.0,58.0,23.65,26.53,17.2,22.0,19.0,20.0,355.0,0.0,0.0
8471239,2012,Cory Schneider,VAN,G,5on5,30,82307.0,48.69,45.0,1108.0,40.79,42.0,141.92,145.0,607.64,632.0,20.04,15.0,331.36,267.0,257.45,319.0,47.05,648.0,153.0,39.0,18.91,19.19,10.6,21.0,11.0,13.0,268.0,0.0,0.0
8471239,2012,Cory Schneider,VAN,G,4on5,30,9921.0,11.55,12.0,237.0,12.16,7.0,25.84,30.0,124.68,123.0,0.51,0.0,78.23,65.0,41.15,55.0,10.89,123.0,40.0,10.0,3.0,4.97,3.57,1.0,6.0,5.0,64.0,0.0,0.0
8471239,2012,Cory Schneider,VAN,G,5on4,30,9290.0,1.37,1.0,29.0,0.85,0.0,2.38,1.0,19.23,22.0,3.5,6.0,5.48,1.0,15.4,21.0,1.37,19.0,6.0,1.0,0.33,0.77,0.27,0.0,1.0,0.0,3.0,0.0,0.0
8475824,2012,Sami Aittokallio,COL,G,other,1,5.0,0.0,0.0,0.0,0.0,0.0,0.0,0.0,0.0,0.0,0.0,0.0,0.0,0.0,0.0,0.0,0.0,0.0,0.0,0.0,0.0,0.0,0.0,0.0,0.0,0.0,0.0,0.0,0.0
8475824,2012,Sami Aittokallio,COL,G,all,1,2960.0,2.31,2.0,51.0,1.85,2.0,6.58,4.0,27.94,25.0,0.73,2.0,15.69,17.0,11.68,14.0,2.19,28.0,10.0,1.0,0.88,1.17,0.25,1.0,1.0,0.0,12.0,0.0,0.0
8475824,2012,Sami Aittokallio,COL,G,5on5,1,2512.0,1.41,1.0,36.0,1.16,1.0,4.93,2.0,19.73,18.0,0.67,2.0,11.44,12.0,8.42,12.0,1.36,21.0,6.0,1.0,0.56,0.6,0.25,0.0,1.0,0.0,8.0,0.0,0.0
8475824,2012,Sami Aittokallio,COL,G,4on5,1,275.0,0.82,1.0,13.0,0.63,1.0,1.48,2.0,6.84,6.0,0.0,0.0,3.78,4.0,2.07,1.0,0.76,5.0,4.0,0.0,0.25,0.57,0.0,1.0,0.0,0.0,4.0,0.0,0.0
8475824,2012,Sami Aittokallio,COL,G,5on4,1,168.0,0.08,0.0,2.0,0.05,0.0,0.17,0.0,1.37,1.0,0.06,0.0,0.47,1.0,1.19,1.0,0.07,2.0,0.0,0.0,0.08,0.0,0.0,0.0,0.0,0.0,0.0,0.0,0.0
8455710,2012,Martin Brodeur,N.J,G,other,29,3042.0,4.42,7.0,62.0,2.34,3.0,6.92,3.0,35.58,39.0,1.75,3.0,20.1,13.0,14.07,21.0,4.33,37.0,7.0,5.0,1.24,0.73,2.45,2.0,1.0,4.0,13.0,0.0,0.0
8455710,2012,Martin Brodeur,N.J,G,all,29,105141.0,58.92,65.0,1173.0,41.13,42.0,139.95,124.0,627.83,654.0,26.86,27.0,342.6,239.0,268.19,382.0,57.28,659.0,155.0,57.0,19.12,18.53,21.28,21.0,18.0,26.0,302.0,0.0,0.0
8455710,2012,Martin Brodeur,N.J,G,5on5,29,83231.0,37.95,39.0,894.0,30.07,28.0,112.55,97.0,481.16,499.0,19.16,18.0,262.71,179.0,211.12,313.0,37.07,521.0,118.0,31.0,15.21,14.03,8.71,16.0,13.0,10.0,224.0,0.0,0.0
8455710,2012,Martin Brodeur,N.J,G,4on5,29,9388.0,13.44,16.0,179.0,7.31,8.0,17.07,22.0,88.55,94.0,0.87,1.0,52.79,39.0,28.59,34.0,12.93,83.0,22.0,17.0,2.12,2.86,8.46,2.0,4.0,10.0,57.0,0.0,0.0
8455710,2012,Martin Brodeur,N.J,G,5on4,29,9480.0,1.97,2.0,29.0,0.95,1.0,2.4,1.0,17.7,17.0,4.88,5.0,5.19,7.0,12.98,13.0,1.85,15.0,7.0,2.0,0.47,0.8,0.7,1.0,0.0,1.0,5.0,0.0,0.0
8467950,2012,Craig Anderson,OTT,G,other,24,3841.0,5.11,1.0,73.0,3.29,5.0,8.86,7.0,43.97,42.0,0.8,2.0,25.88,25.0,16.37,21.0,4.52,44.0,12.0,5.0,1.67,1.43,2.02,0.0,0.0,1.0,12.0,0.0,0.0
8467950,2012,Craig Anderson,OTT,G,all,24,85236.0,53.44,40.0,1194.0,44.67,44.0,153.54,158.0,656.34,677.0,24.55,25.0,372.55,297.0,273.14,360.0,50.9,729.0,141.0,49.0,19.69,17.12,16.63,12.0,13.0,15.0,275.0,0.0,0.0
8467950,2012,Craig Anderson,OTT,G,5on5,24,64780.0,35.78,29.0,885.0,30.29,26.0,116.68,115.0,479.14,496.0,18.92,18.0,269.92,223.0,205.51,267.0,34.98,538.0,104.0,32.0,14.8,12.57,8.41,9.0,10.0,10.0,211.0,0.0,0.0
8467950,2012,Craig Anderson,OTT,G,4on5,24,8329.0,11.05,9.0,207.0,10.24,10.0,25.51,33.0,116.59,121.0,0.73,1.0,71.69,45.0,38.69,61.0,9.93,133.0,17.0,11.0,2.94,2.11,6.0,3.0,2.0,4.0,46.0,0.0,0.0
8467950,2012,Craig Anderson,OTT,G,5on4,24,8286.0,1.13,0.0,26.0,0.67,2.0,2.11,3.0,14.33,15.0,3.97,4.0,4.1,4.0,11.54,10.0,1.12,14.0,5.0,1.0,0.28,0.64,0.2,0.0,0.0,0.0,6.0,0.0,0.0
8466141,2012,Roberto Luongo,VAN,G,other,20,1389.0,3.08,3.0,40.0,1.73,2.0,3.91,5.0,22.23,21.0,0.62,2.0,14.08,12.0,7.51,9.0,2.9,19.0,9.0,3.0,0.91,1.08,1.1,2.0,0.0,1.0,9.0,0.0,0.0
8466141,2012,Roberto Luongo,VAN,G,all,20,71815.0,46.35,51.0,963.0,37.27,34.0,121.72,145.0,537.61,551.0,18.63,19.0,306.91,230.0,221.93,277.0,45.18,576.0,144.0,32.0,17.32,17.42,11.61,22.0,15.0,14.0,211.0,0.0,0.0
8466141,2012,Roberto Luongo,VAN,G,5on5,20,57851.0,32.8,35.0,774.0,28.28,26.0,100.92,118.0,428.66,442.0,14.58,13.0,243.95,188.0,179.65,220.0,32.06,469.0,114.0,17.0,14.46,13.73,4.61,18.0,11.0,6.0,174.0,0.0,0.0
8466141,2012,Roberto Luongo,VAN,G,4on5,20,6135.0,9.27,12.0,123.0,6.55,6.0,14.54,17.0,71.92,70.0,0.35,0.0,43.77,29.0,23.6,34.0,9.02,71.0,18.0,11.0,1.45,2.25,5.56,1.0,4.0,7.0,23.0,0.0,0.0
8466141,2012,Roberto Luongo,VAN,G,5on4,20,6440.0,1.14,1.0,19.0,0.59,0.0,1.81,5.0,12.16,16.0,2.94,4.0,3.64,1.0,9.46,10.0,1.14,13.0,3.0,1.0,0.44,0.36,0.34,1.0,0.0,0.0,2.0,0.0,0.0
8468540,2012,Dan Ellis,CAR,G,other,19,1357.0,5.63,3.0,52.0,2.2,1.0,5.78,3.0,32.02,29.0,0.47,0.0,17.39,18.0,10.98,18.0,5.08,21.0,10.0,12.0,0.68,1.08,3.88,0.0,0.0,3.0,9.0,0.0,0.0
8468540,2012,Dan Ellis,CAR,G,all,19,58624.0,54.49,52.0,985.0,37.75,40.0,127.53,111.0,556.51,556.0,18.27,13.0,301.39,235.0,223.24,312.0,52.38,565.0,134.0,64.0,17.12,16.23,21.15,16.0,13.0,23.0,222.0,0.0,0.0
8468540,2012,Dan Ellis,CAR,G,5on5,19,48564.0,38.14,34.0,783.0,28.76,31.0,103.7,89.0,438.23,437.0,15.08,13.0,237.65,188.0,179.81,249.0,36.72,454.0,111.0,37.0,14.23,13.57,10.34,11.0,13.0,10.0,181.0,0.0,0.0
8468540,2012,Dan Ellis,CAR,G,4on5,19,4362.0,8.86,13.0,127.0,5.92,8.0,15.61,17.0,70.97,78.0,0.39,0.0,41.21,28.0,23.22,30.0,8.71,78.0,8.0,12.0,1.79,0.99,6.08,4.0,0.0,9.0,29.0,0.0,0.0
8468540,2012,Dan Ellis,CAR,G,5on4,19,4341.0,1.3,1.0,16.0,0.61,0.0,1.48,1.0,9.95,7.0,2.09,0.0,2.95,1.0,6.34,10.0,1.3,8.0,2.0,3.0,0.21,0.24,0.85,0.0,0.0,1.0,3.0,0.0,0.0
8471418,2012,Anton Khudobin,BOS,G,other,14,1852.0,3.56,3.0,46.0,1.91,0.0,4.84,3.0,25.94,26.0,0.53,1.0,13.87,10.0,9.95,18.0,3.48,18.0,15.0,2.0,0.53,1.77,1.26,1.0,1.0,1.0,11.0,0.0,0.0
8471418,2012,Anton Khudobin,BOS,G,all,14,48180.0,31.99,31.0,708.0,25.8,13.0,87.38,89.0,385.31,389.0,13.84,22.0,214.17,188.0,159.44,197.0,31.16,401.0,105.0,25.0,10.86,12.38,8.76,9.0,11.0,11.0,177.0,4.0,2.0
8471418,2012,Anton Khudobin,BOS,G,5on5,14,38215.0,20.89,24.0,531.0,18.33,12.0,69.67,74.0,290.7,297.0,11.73,18.0,159.1,148.0,119.83,130.0,20.33,311.0,70.0,16.0,8.42,8.22,4.25,8.0,10.0,6.0,134.0,2.0,1.0
8471418,2012,Anton Khudobin,BOS,G,4on5,14,5058.0,6.6,3.0,119.0,5.17,1.0,11.92,10.0,61.09,56.0,0.62,1.0,39.12,29.0,23.22,42.0,6.4,64.0,18.0,6.0,1.66,2.03,2.91,0.0,0.0,3.0,31.0,2.0,1.0
8471418,2012,Anton Khudobin,BOS,G,5on4,14,3055.0,0.94,1.0,12.0,0.4,0.0,0.95,2.0,7.58,10.0,0.96,2.0,2.07,1.0,6.44,7.0,0.94,8.0,2.0,1.0,0.24,0.35,0.35,0.0,0.0,1.0,1.0,0.0,0.0
8471774,2012,Alex Stalock,S.J,G,other,2,0.0,0.0,0.0,0.0,0.0,0.0,0.0,0.0,0.0,0.0,0.0,0.0,0.0,0.0,0.0,0.0,0.0,0.0,0.0,0.0,0.0,0.0,0.0,0.0,0.0,0.0,0.0,0.0,0.0
8471774,2012,Alex Stalock,S.J,G,all,2,2509.0,1.1,2.0,27.0,0.91,0.0,3.59,5.0,15.48,13.0,0.41,0.0,8.64,6.0,6.29,8.0,1.07,16.0,5.0,0.0,0.44,0.66,0.0,1.0,1.0,0.0,6.0,0.0,0.0
8471774,2012,Alex Stalock,S.J,G,5on5,2,2025.0,0.58,1.0,20.0,0.58,0.0,2.8,5.0,11.15,9.0,0.32,0.0,6.29,3.0,4.4,6.0,0.58,13.0,2.0,0.0,0.34,0.24,0.0,1.0,0.0,0.0,5.0,0.0,0.0
8471774,2012,Alex Stalock,S.J,G,4on5,2,240.0,0.16,0.0,4.0,0.22,0.0,0.38,0.0,2.14,2.0,0.0,0.0,1.58,2.0,0.61,1.0,0.15,2.0,1.0,0.0,0.06,0.1,0.0,0.0,0.0,0.0,1.0,0.0,0.0
8471774,2012,Alex Stalock,S.J,G,5on4,2,244.0,0.04,0.0,1.0,0.02,0.0,0.1,0.0,0.73,0.0,0.07,0.0,0.2,0.0,0.63,1.0,0.04,1.0,0.0,0.0,0.04,0.0,0.0,0.0,0.0,0.0,0.0,0.0,0.0
8475215,2012,Robin Lehner,OTT,G,other,12,1798.0,1.89,1.0,38.0,1.26,1.0,4.49,6.0,20.15,22.0,0.37,0.0,9.88,8.0,8.87,11.0,1.84,20.0,5.0,2.0,0.86,0.55,0.49,1.0,0.0,0.0,11.0,0.0,0.0
8475215,2012,Robin Lehner,OTT,G,all,12,44088.0,31.05,27.0,730.0,26.84,27.0,95.94,95.0,399.96,424.0,12.21,6.0,226.84,188.0,167.75,209.0,30.36,439.0,100.0,23.0,12.8,11.72,6.53,15.0,7.0,5.0,168.0,0.0,0.0
8475215,2012,Robin Lehner,OTT,G,5on5,12,35229.0,22.04,22.0,582.0,20.49,21.0,77.17,69.0,314.52,329.0,9.99,6.0,180.4,148.0,132.14,169.0,21.59,355.0,76.0,12.0,9.88,8.95,3.2,13.0,5.0,4.0,139.0,0.0,0.0
8475215,2012,Robin Lehner,OTT,G,4on5,12,3742.0,6.11,3.0,91.0,4.58,5.0,12.43,18.0,53.62,60.0,0.19,0.0,32.96,28.0,17.11,19.0,5.92,51.0,16.0,8.0,1.61,1.89,2.6,1.0,1.0,1.0,16.0,0.0,0.0
8475215,2012,Robin Lehner,OTT,G,5on4,12,3319.0,0.88,1.0,14.0,0.38,0.0,1.01,0.0,8.4,10.0,1.56,0.0,2.41,3.0,7.03,8.0,0.88,8.0,3.0,1.0,0.31,0.33,0.24,0.0,1.0,0.0,2.0,0.0,0.0
8471679,2012,Carey Price,MTL,G,other,39,4201.0,6.54,8.0,92.0,3.41,0.0,11.63,6.0,54.6,53.0,1.9,0.0,29.34,29.0,22.97,29.0,6.39,52.0,19.0,5.0,1.39,2.48,2.67,3.0,2.0,3.0,16.0,0.0,0.0
8471679,2012,Carey Price,MTL,G,all,39,133741.0,86.74,97.0,1939.0,63.8,56.0,230.54,238.0,987.62,1018.0,36.98,49.0,552.31,425.0,427.07,541.0,82.62,1090.0,227.0,76.0,28.88,27.52,30.34,31.0,33.0,33.0,546.0,0.0,0.0
8471679,2012,Carey Price,MTL,G,5on5,39,104933.0,53.54,61.0,1505.0,46.88,43.0,185.86,199.0,756.13,782.0,28.4,40.0,424.53,313.0,329.36,421.0,52.32,865.0,164.0,36.0,23.49,19.81,10.23,25.0,25.0,11.0,440.0,0.0,0.0
8471679,2012,Carey Price,MTL,G,4on5,39,11024.0,23.53,25.0,282.0,12.09,11.0,27.79,28.0,143.71,143.0,0.59,3.0,87.24,72.0,48.74,65.0,20.8,132.0,40.0,32.0,2.96,4.77,15.8,2.0,6.0,17.0,78.0,0.0,0.0
8471679,2012,Carey Price,MTL,G,5on4,39,13583.0,2.0,1.0,49.0,1.04,1.0,3.97,3.0,26.77,33.0,5.95,6.0,8.04,9.0,23.17,24.0,1.99,34.0,3.0,2.0,0.89,0.36,0.75,0.0,0.0,1.0,10.0,0.0,0.0
